period,layer,month,gross_ret,net_ret,total_cost
development,raw_top5_gross,201801,0.0021074888697878436,0.0021074888697878436,0.0
development,raw_top5_gross,201802,-0.023163012091655166,-0.023163012091655166,0.0
development,raw_top5_gross,201803,0.03292078611789173,0.03292078611789173,0.0
development,raw_top5_gross,201804,0.03790018019869401,0.03790018019869401,0.0
development,raw_top5_gross,201805,0.009980767291794868,0.009980767291794868,0.0
development,raw_top5_gross,201806,-0.11943064316827345,-0.11943064316827345,0.0
development,raw_top5_gross,201807,0.08494529454433453,0.08494529454433453,0.0
development,raw_top5_gross,201808,-0.08951064294591304,-0.08951064294591304,0.0
development,raw_top5_gross,201809,-0.008642669440230955,-0.008642669440230955,0.0
development,raw_top5_gross,201810,-0.12459430448141318,-0.12459430448141318,0.0
development,raw_top5_gross,201811,-0.021938776191734344,-0.021938776191734344,0.0
development,raw_top5_gross,201812,0.005121611417018279,0.005121611417018279,0.0
development,raw_top5_gross,201901,0.04936785449013903,0.04936785449013903,0.0
development,raw_top5_gross,201902,0.18068378406594054,0.18068378406594054,0.0
development,raw_top5_gross,201903,0.13932689645384877,0.13932689645384877,0.0
development,raw_top5_gross,201904,-0.001031454545553756,-0.001031454545553756,0.0
development,raw_top5_gross,201905,-0.021288703484608873,-0.021288703484608873,0.0
development,raw_top5_gross,201906,0.062228212745848444,0.062228212745848444,0.0
development,raw_top5_gross,201907,-0.0132330930236908,-0.0132330930236908,0.0
development,raw_top5_gross,201908,-0.005319475820265374,-0.005319475820265374,0.0
development,raw_top5_gross,201909,-0.010626092482749816,-0.010626092482749816,0.0
development,raw_top5_gross,201910,0.015252184204214592,0.015252184204214592,0.0
development,raw_top5_gross,201911,-0.01757790520901803,-0.01757790520901803,0.0
development,raw_top5_gross,201912,0.06805134976617233,0.06805134976617233,0.0
development,raw_top5_gross,202001,0.06138304473155687,0.06138304473155687,0.0
development,raw_top5_gross,202002,0.036227043037980744,0.036227043037980744,0.0
development,raw_top5_gross,202003,-0.07471954634303457,-0.07471954634303457,0.0
development,raw_top5_gross,202004,0.05942514607257077,0.05942514607257077,0.0
development,raw_top5_gross,202005,0.05036155855809499,0.05036155855809499,0.0
development,raw_top5_gross,202006,0.08126733965001676,0.08126733965001676,0.0
development,raw_top5_gross,202007,0.12871578217442492,0.12871578217442492,0.0
development,raw_top5_gross,202008,0.009235911815634879,0.009235911815634879,0.0
development,raw_top5_gross,202009,-0.03699951897358578,-0.03699951897358578,0.0
development,raw_top5_gross,202010,0.0405982577326498,0.0405982577326498,0.0
development,raw_top5_gross,202011,0.07780792185803675,0.07780792185803675,0.0
development,raw_top5_gross,202012,-0.027554496295068898,-0.027554496295068898,0.0
development,raw_top5_gross,202101,-0.04439455550697036,-0.04439455550697036,0.0
development,raw_top5_gross,202102,0.01876990134057599,0.01876990134057599,0.0
development,raw_top5_gross,202103,-0.03018570904578377,-0.03018570904578377,0.0
development,raw_top5_gross,202104,0.03809266146008228,0.03809266146008228,0.0
development,raw_top5_gross,202105,0.06429076374189391,0.06429076374189391,0.0
development,raw_top5_gross,202106,-0.008097471762131603,-0.008097471762131603,0.0
development,raw_top5_gross,202107,0.05606365643044642,0.05606365643044642,0.0
development,raw_top5_gross,202108,0.11552932684017803,0.11552932684017803,0.0
development,raw_top5_gross,202109,-0.03688392734019208,-0.03688392734019208,0.0
development,raw_top5_gross,202110,-0.06007155000226905,-0.06007155000226905,0.0
development,raw_top5_gross,202111,0.11718142693324118,0.11718142693324118,0.0
development,raw_top5_gross,202112,0.010547158272294022,0.010547158272294022,0.0
development,raw_top5_gross,202201,-0.09287893534847069,-0.09287893534847069,0.0
development,raw_top5_gross,202202,0.06572530338367177,0.06572530338367177,0.0
development,raw_top5_gross,202203,-0.027005056569988417,-0.027005056569988417,0.0
development,raw_top5_gross,202204,-0.1884294422214916,-0.1884294422214916,0.0
development,raw_top5_gross,202205,0.1612855725369009,0.1612855725369009,0.0
development,raw_top5_gross,202206,0.05072120860360574,0.05072120860360574,0.0
development,raw_top5_gross,202207,0.0484352198205229,0.0484352198205229,0.0
development,raw_top5_gross,202208,0.08772069489696377,0.08772069489696377,0.0
development,raw_top5_gross,202209,-0.10369702210379839,-0.10369702210379839,0.0
development,raw_top5_gross,202210,-0.003928680743118029,-0.003928680743118029,0.0
development,raw_top5_gross,202211,0.09743077112436715,0.09743077112436715,0.0
development,raw_top5_gross,202212,-0.07393714927829176,-0.07393714927829176,0.0
development,raw_top5_gross,202301,0.10157951399519205,0.10157951399519205,0.0
development,raw_top5_gross,202302,0.023273704415796015,0.023273704415796015,0.0
development,raw_top5_gross,202303,0.010046365382105904,0.010046365382105904,0.0
development,raw_top5_gross,202304,-0.027282013965680307,-0.027282013965680307,0.0
development,raw_top5_gross,202305,0.02897483257296818,0.02897483257296818,0.0
development,raw_top5_gross,202306,0.024925175988843362,0.024925175988843362,0.0
development,raw_top5_gross,202307,0.055821264036592044,0.055821264036592044,0.0
development,raw_top5_gross,202308,-0.016057996072047942,-0.016057996072047942,0.0
development,raw_top5_gross,202309,-0.011619467390014071,-0.011619467390014071,0.0
development,raw_top5_gross,202310,-0.05008585904075613,-0.05008585904075613,0.0
development,raw_top5_gross,202311,0.02986057948912557,0.02986057948912557,0.0
development,raw_top5_gross,202312,-0.026875375751207242,-0.026875375751207242,0.0
selection,raw_top5_gross,202401,-0.1445154148565322,-0.1445154148565322,0.0
selection,raw_top5_gross,202402,0.028063708324590708,0.028063708324590708,0.0
selection,raw_top5_gross,202403,0.10947616226421286,0.10947616226421286,0.0
selection,raw_top5_gross,202404,0.053857136387628346,0.053857136387628346,0.0
selection,raw_top5_gross,202405,-0.02387301177789347,-0.02387301177789347,0.0
selection,raw_top5_gross,202406,-0.07007775700778585,-0.07007775700778585,0.0
selection,raw_top5_gross,202407,-0.03374231593917054,-0.03374231593917054,0.0
selection,raw_top5_gross,202408,0.005324459658208047,0.005324459658208047,0.0
selection,raw_top5_gross,202409,0.2063660038129138,0.2063660038129138,0.0
selection,raw_top5_gross,202410,0.09894434065237712,0.09894434065237712,0.0
selection,raw_top5_gross,202411,0.07235497902145394,0.07235497902145394,0.0
selection,raw_top5_gross,202412,0.027115385083273713,0.027115385083273713,0.0
selection,raw_top5_gross,202501,0.06462320896146134,0.06462320896146134,0.0
selection,raw_top5_gross,202502,0.11779828724187436,0.11779828724187436,0.0
selection,raw_top5_gross,202503,0.013584275588378825,0.013584275588378825,0.0
selection,raw_top5_gross,202504,0.10038392081039138,0.10038392081039138,0.0
selection,raw_top5_gross,202505,0.09694459925712473,0.09694459925712473,0.0
selection,raw_top5_gross,202506,0.03229920058123792,0.03229920058123792,0.0
selection,raw_top5_gross,202507,0.04702680351132016,0.04702680351132016,0.0
selection,raw_top5_gross,202508,0.06227116917791253,0.06227116917791253,0.0
selection,raw_top5_gross,202509,-0.031174901312760794,-0.031174901312760794,0.0
selection,raw_top5_gross,202510,0.019195133608247206,0.019195133608247206,0.0
selection,raw_top5_gross,202511,-0.01189070858751684,-0.01189070858751684,0.0
selection,raw_top5_gross,202512,0.05101451523797862,0.05101451523797862,0.0
observation,raw_top5_gross,202601,0.06620718939120596,0.06620718939120596,0.0
observation,raw_top5_gross,202602,-0.007796142285300123,-0.007796142285300123,0.0
observation,raw_top5_gross,202603,0.01612496078943204,0.01612496078943204,0.0
observation,raw_top5_gross,202604,0.0675638100742646,0.0675638100742646,0.0
observation,raw_top5_gross,202605,-0.029936942470873973,-0.029936942470873973,0.0
observation,raw_top5_gross,202606,-0.11509539990403783,-0.11509539990403783,0.0
observation,raw_top5_gross,202607,-0.0568415212432507,-0.0568415212432507,0.0
observation,raw_top5_gross,202608,0.027474804087036286,0.027474804087036286,0.0
development,raw_top5_20bp,201801,0.0021074888697878436,-0.025998498334365627,0.028425817781338118
development,raw_top5_20bp,201802,-0.023163012091655166,-0.03837994940185763,0.015691246071730704
development,raw_top5_20bp,201803,0.03292078611789173,0.0035016527758773286,0.028873759576744727
development,raw_top5_20bp,201804,0.03790018019869401,0.015228475750060477,0.02207119916102832
development,raw_top5_20bp,201805,0.009980767291794868,-0.016038551444731652,0.026082395807552786
development,raw_top5_20bp,201806,-0.11943064316827345,-0.14040994552578334,0.024096502887811136
development,raw_top5_20bp,201807,0.08494529454433453,0.05364876059302515,0.02924914125111691
development,raw_top5_20bp,201808,-0.08951064294591304,-0.11478781050315856,0.028136277459862153
development,raw_top5_20bp,201809,-0.008642669440230955,-0.03301494541119665,0.02487462621059512
development,raw_top5_20bp,201810,-0.12459430448141318,-0.142347751993402,0.02047543205151217
development,raw_top5_20bp,201811,-0.021938776191734344,-0.04863382515268122,0.0276538831878154
development,raw_top5_20bp,201812,0.005121611417018279,-0.021501571132872876,0.02682466963850432
development,raw_top5_20bp,201901,0.04936785449013903,0.01830016479395713,0.03003066612365804
development,raw_top5_20bp,201902,0.18068378406594054,0.15355695318503804,0.023224801952554462
development,raw_top5_20bp,201903,0.13932689645384877,0.10691749925833283,0.028837329794611656
development,raw_top5_20bp,201904,-0.001031454545553756,-0.026342082746570128,0.025645445889084743
development,raw_top5_20bp,201905,-0.021288703484608873,-0.04648126898757876,0.026059062239622947
development,raw_top5_20bp,201906,0.062228212745848444,0.03367008095523927,0.027232435289151213
development,raw_top5_20bp,201907,-0.0132330930236908,-0.04778899569831219,0.035618574299990845
development,raw_top5_20bp,201908,-0.005319475820265374,-0.03864456206200351,0.0340493870736438
development,raw_top5_20bp,201909,-0.010626092482749816,-0.03953492770018985,0.0296311303000159
development,raw_top5_20bp,201910,0.015252184204214592,-0.012033302389574119,0.027221676026728578
development,raw_top5_20bp,201911,-0.01757790520901803,-0.044367579074745644,0.02762805793569323
development,raw_top5_20bp,201912,0.06805134976617233,0.03934749841288765,0.02722458332608051
development,raw_top5_20bp,202001,0.06138304473155687,0.03493269997351023,0.025215970394967403
development,raw_top5_20bp,202002,0.036227043037980744,0.004331894676333103,0.031238211887719653
development,raw_top5_20bp,202003,-0.07471954634303457,-0.10642282797066716,0.034835545920640816
development,raw_top5_20bp,202004,0.05942514607257077,0.030074944024810035,0.02807431411829774
development,raw_top5_20bp,202005,0.05036155855809499,0.024180263176114103,0.025222729168495862
development,raw_top5_20bp,202006,0.08126733965001676,0.05471134136487277,0.02485030677633936
development,raw_top5_20bp,202007,0.12871578217442492,0.1045001377558541,0.02167603460780118
development,raw_top5_20bp,202008,0.009235911815634879,-0.004456200635806207,0.013653890412890361
development,raw_top5_20bp,202009,-0.03699951897358578,-0.06627252154857977,0.03084609989540964
development,raw_top5_20bp,202010,0.0405982577326498,0.021163849885794894,0.018840341337797422
development,raw_top5_20bp,202011,0.07780792185803675,0.04881730133424145,0.027246533314919035
development,raw_top5_20bp,202012,-0.027554496295068898,-0.05673130058702858,0.030441353899754966
development,raw_top5_20bp,202101,-0.04439455550697036,-0.06936097056768409,0.026455316338590797
development,raw_top5_20bp,202102,0.01876990134057599,-0.0030458379672780866,0.021629228011723955
development,raw_top5_20bp,202103,-0.03018570904578377,-0.06305057274550518,0.034447533706383066
development,raw_top5_20bp,202104,0.03809266146008228,0.004550174298916243,0.03281794343465868
development,raw_top5_20bp,202105,0.06429076374189391,0.03320516888960667,0.02961703052023021
development,raw_top5_20bp,202106,-0.008097471762131603,-0.0378529631115776,0.030433807112999017
development,raw_top5_20bp,202107,0.05606365643044642,0.021854311405571147,0.03290361366935074
development,raw_top5_20bp,202108,0.11552932684017803,0.07774126067854348,0.034433521541859934
development,raw_top5_20bp,202109,-0.03688392734019208,-0.06538543208220549,0.0300154327821868
development,raw_top5_20bp,202110,-0.06007155000226905,-0.0780063270475394,0.01925301051804598
development,raw_top5_20bp,202111,0.11718142693324118,0.07890071387776443,0.03483698824869237
development,raw_top5_20bp,202112,0.010547158272294022,-0.02251358141355031,0.03323752545604559
development,raw_top5_20bp,202201,-0.09287893534847069,-0.11622783313714025,0.026057252913713365
development,raw_top5_20bp,202202,0.06572530338367177,0.04663109882575123,0.018067560943485283
development,raw_top5_20bp,202203,-0.027005056569988417,-0.05431893640296015,0.028453523768168138
development,raw_top5_20bp,202204,-0.1884294422214916,-0.20551276370755556,0.02126146574542801
development,raw_top5_20bp,202205,0.1612855725369009,0.12960387762365344,0.027639351903135524
development,raw_top5_20bp,202206,0.05072120860360574,0.015150812721550277,0.03440996117756597
development,raw_top5_20bp,202207,0.0484352198205229,0.011322617229780896,0.03600821901102425
development,raw_top5_20bp,202208,0.08772069489696377,0.0491794499558138,0.036046640806128426
development,raw_top5_20bp,202209,-0.10369702210379839,-0.13128972599239697,0.031244115954415185
development,raw_top5_20bp,202210,-0.003928680743118029,-0.02641841327511718,0.022820149311104165
development,raw_top5_20bp,202211,0.09743077112436715,0.05941694280707677,0.03522405799018956
development,raw_top5_20bp,202212,-0.07393714927829176,-0.10351542280392134,0.03243527249304952
development,raw_top5_20bp,202301,0.10157951399519205,0.07627201868518241,0.02322386475837275
development,raw_top5_20bp,202302,0.023273704415796015,-0.008195600270150427,0.031210887748633148
development,raw_top5_20bp,202303,0.010046365382105904,-0.02261188946578807,0.03284217457789331
development,raw_top5_20bp,202304,-0.027282013965680307,-0.04887813811994912,0.022437389833335045
development,raw_top5_20bp,202305,0.02897483257296818,-0.0002984440785104292,0.02883965007236012
development,raw_top5_20bp,202306,0.024925175988843362,-0.00700700254356923,0.03162537518713624
development,raw_top5_20bp,202307,0.055821264036592044,0.027027553019874917,0.0276306550617873
development,raw_top5_20bp,202308,-0.016057996072047942,-0.04711642126646831,0.0320506158819108
development,raw_top5_20bp,202309,-0.011619467390014071,-0.038949147320102684,0.028020085778542078
development,raw_top5_20bp,202310,-0.05008585904075613,-0.07488809352491144,0.026435225770463013
development,raw_top5_20bp,202311,0.02986057948912557,-0.003804110435118746,0.03320747835337778
development,raw_top5_20bp,202312,-0.026875375751207242,-0.05529961610730538,0.02962188460867922
selection,raw_top5_20bp,202401,-0.1445154148565322,-0.17315615770309223,0.03402392155358177
selection,raw_top5_20bp,202402,0.028063708324590708,0.007258444905459349,0.020429416057544843
selection,raw_top5_20bp,202403,0.10947616226421286,0.07492037753543368,0.03161565939584816
selection,raw_top5_20bp,202404,0.053857136387628346,0.02307283763027268,0.029623272792243152
selection,raw_top5_20bp,202405,-0.02387301177789347,-0.04820746238056717,0.025227395385012792
selection,raw_top5_20bp,202406,-0.07007775700778585,-0.09472517835686245,0.026841773530763943
selection,raw_top5_20bp,202407,-0.03374231593917054,-0.06497140744760654,0.03282874416107029
selection,raw_top5_20bp,202408,0.005324459658208047,-0.023283273735074217,0.02884822749040585
selection,raw_top5_20bp,202409,0.2063660038129138,0.17299630153981438,0.028028978880428167
selection,raw_top5_20bp,202410,0.09894434065237712,0.06938387351685593,0.027245847128449102
selection,raw_top5_20bp,202411,0.07235497902145394,0.04100915176195441,0.029643292578073552
selection,raw_top5_20bp,202412,0.027115385083273713,0.004315948804680003,0.022432539463460122
selection,raw_top5_20bp,202501,0.06462320896146134,0.04180262637701815,0.021653318129599468
selection,raw_top5_20bp,202502,0.11779828724187436,0.0842444290826565,0.030450912759525023
selection,raw_top5_20bp,202503,0.013584275588378825,-0.015229688934352725,0.028818203177407655
selection,raw_top5_20bp,202504,0.10038392081039138,0.06991964566634046,0.028055352557611185
selection,raw_top5_20bp,202505,0.09694459925712473,0.06875271479927036,0.026017237785632794
selection,raw_top5_20bp,202506,0.03229920058123792,0.010577792510306994,0.02125240251715263
selection,raw_top5_20bp,202507,0.04702680351132016,0.024203759311760775,0.022026287606300304
selection,raw_top5_20bp,202508,0.06227116917791253,0.04035417480638648,0.020836938319852928
selection,raw_top5_20bp,202509,-0.031174901312760794,-0.05228818617614617,0.022016566072644975
selection,raw_top5_20bp,202510,0.019195133608247206,0.0017842298457519945,0.017219443730318956
selection,raw_top5_20bp,202511,-0.01189070858751684,-0.02841705912527881,0.01685813354238431
selection,raw_top5_20bp,202512,0.05101451523797862,0.016212751991960817,0.03364716657066637
observation,raw_top5_20bp,202601,0.06620718939120596,0.037948521025956694,0.02684165195149129
observation,raw_top5_20bp,202602,-0.007796142285300123,-0.026300451262821878,0.018811612953224026
observation,raw_top5_20bp,202603,0.01612496078943204,-0.008056723329859294,0.024070713158368246
observation,raw_top5_20bp,202604,0.0675638100742646,0.033441871767411646,0.03245795777947207
observation,raw_top5_20bp,202605,-0.029936942470873973,-0.05374525836153332,0.024829222242098457
observation,raw_top5_20bp,202606,-0.11509539990403783,-0.14099185797326508,0.029678440439272213
observation,raw_top5_20bp,202607,-0.0568415212432507,-0.08700152034108433,0.032474334872795524
observation,raw_top5_20bp,202608,0.027474804087036286,0.020075213527809055,0.007222143508751199
development,smoothed_top5_gross,201801,0.011448812787626439,0.011448812787626439,0.0
development,smoothed_top5_gross,201802,-0.006186018283460659,-0.006186018283460659,0.0
development,smoothed_top5_gross,201803,0.08410659813138,0.08410659813138,0.0
development,smoothed_top5_gross,201804,0.022224769150234636,0.022224769150234636,0.0
development,smoothed_top5_gross,201805,0.019647137043590224,0.019647137043590224,0.0
development,smoothed_top5_gross,201806,-0.11713395836575602,-0.11713395836575602,0.0
development,smoothed_top5_gross,201807,0.06499584923326962,0.06499584923326962,0.0
development,smoothed_top5_gross,201808,-0.10589181501434208,-0.10589181501434208,0.0
development,smoothed_top5_gross,201809,-0.009867073377613833,-0.009867073377613833,0.0
development,smoothed_top5_gross,201810,-0.15439890454653105,-0.15439890454653105,0.0
development,smoothed_top5_gross,201811,-0.02031929671966537,-0.02031929671966537,0.0
development,smoothed_top5_gross,201812,0.014240482024199475,0.014240482024199475,0.0
development,smoothed_top5_gross,201901,0.06762323810685045,0.06762323810685045,0.0
development,smoothed_top5_gross,201902,0.20404148484503382,0.20404148484503382,0.0
development,smoothed_top5_gross,201903,0.09017779703625828,0.09017779703625828,0.0
development,smoothed_top5_gross,201904,0.017871375184454363,0.017871375184454363,0.0
development,smoothed_top5_gross,201905,-0.04206527674591021,-0.04206527674591021,0.0
development,smoothed_top5_gross,201906,-0.0021780164474783925,-0.0021780164474783925,0.0
development,smoothed_top5_gross,201907,-0.012671444797717979,-0.012671444797717979,0.0
development,smoothed_top5_gross,201908,0.011103923224939471,0.011103923224939471,0.0
development,smoothed_top5_gross,201909,-0.00712381483465363,-0.00712381483465363,0.0
development,smoothed_top5_gross,201910,-0.00027996282847175813,-0.00027996282847175813,0.0
development,smoothed_top5_gross,201911,-0.013131518005601084,-0.013131518005601084,0.0
development,smoothed_top5_gross,201912,0.08264555849393429,0.08264555849393429,0.0
development,smoothed_top5_gross,202001,0.06549061317682403,0.06549061317682403,0.0
development,smoothed_top5_gross,202002,0.07534165935496828,0.07534165935496828,0.0
development,smoothed_top5_gross,202003,-0.06162043642377768,-0.06162043642377768,0.0
development,smoothed_top5_gross,202004,0.030871313341132467,0.030871313341132467,0.0
development,smoothed_top5_gross,202005,0.04345958409219586,0.04345958409219586,0.0
development,smoothed_top5_gross,202006,0.06260775943471253,0.06260775943471253,0.0
development,smoothed_top5_gross,202007,0.19965873426043412,0.19965873426043412,0.0
development,smoothed_top5_gross,202008,0.010614364041920288,0.010614364041920288,0.0
development,smoothed_top5_gross,202009,-0.03900446846117778,-0.03900446846117778,0.0
development,smoothed_top5_gross,202010,0.017574904972214034,0.017574904972214034,0.0
development,smoothed_top5_gross,202011,0.07925052128997523,0.07925052128997523,0.0
development,smoothed_top5_gross,202012,-0.043838352665769076,-0.043838352665769076,0.0
development,smoothed_top5_gross,202101,0.03277316295488131,0.03277316295488131,0.0
development,smoothed_top5_gross,202102,0.029072786315643473,0.029072786315643473,0.0
development,smoothed_top5_gross,202103,-0.007464406835921533,-0.007464406835921533,0.0
development,smoothed_top5_gross,202104,0.014212069795707105,0.014212069795707105,0.0
development,smoothed_top5_gross,202105,0.05385520850691061,0.05385520850691061,0.0
development,smoothed_top5_gross,202106,0.02187239660175022,0.02187239660175022,0.0
development,smoothed_top5_gross,202107,0.03211777253853643,0.03211777253853643,0.0
development,smoothed_top5_gross,202108,0.10766197040357173,0.10766197040357173,0.0
development,smoothed_top5_gross,202109,-0.023816926148257145,-0.023816926148257145,0.0
development,smoothed_top5_gross,202110,-0.04498835833896819,-0.04498835833896819,0.0
development,smoothed_top5_gross,202111,0.05410744086032526,0.05410744086032526,0.0
development,smoothed_top5_gross,202112,0.009668772316213214,0.009668772316213214,0.0
development,smoothed_top5_gross,202201,-0.0743737395689198,-0.0743737395689198,0.0
development,smoothed_top5_gross,202202,0.055774482206341736,0.055774482206341736,0.0
development,smoothed_top5_gross,202203,0.013753363601044066,0.013753363601044066,0.0
development,smoothed_top5_gross,202204,-0.18519334048956493,-0.18519334048956493,0.0
development,smoothed_top5_gross,202205,0.17300972591465458,0.17300972591465458,0.0
development,smoothed_top5_gross,202206,0.059020593759462336,0.059020593759462336,0.0
development,smoothed_top5_gross,202207,0.047455716474550824,0.047455716474550824,0.0
development,smoothed_top5_gross,202208,0.044163391874177504,0.044163391874177504,0.0
development,smoothed_top5_gross,202209,-0.11348120099649528,-0.11348120099649528,0.0
development,smoothed_top5_gross,202210,0.03915688059537836,0.03915688059537836,0.0
development,smoothed_top5_gross,202211,0.10709091015600736,0.10709091015600736,0.0
development,smoothed_top5_gross,202212,-0.03198936696300858,-0.03198936696300858,0.0
development,smoothed_top5_gross,202301,0.06881358193719334,0.06881358193719334,0.0
development,smoothed_top5_gross,202302,0.025089090764002453,0.025089090764002453,0.0
development,smoothed_top5_gross,202303,0.011513002590858301,0.011513002590858301,0.0
development,smoothed_top5_gross,202304,0.013299117323415599,0.013299117323415599,0.0
development,smoothed_top5_gross,202305,0.0251983589771152,0.0251983589771152,0.0
development,smoothed_top5_gross,202306,-0.008168088071351609,-0.008168088071351609,0.0
development,smoothed_top5_gross,202307,0.05185516708867466,0.05185516708867466,0.0
development,smoothed_top5_gross,202308,-0.03308664353921609,-0.03308664353921609,0.0
development,smoothed_top5_gross,202309,-0.020434802946394548,-0.020434802946394548,0.0
development,smoothed_top5_gross,202310,-0.05462627395017161,-0.05462627395017161,0.0
development,smoothed_top5_gross,202311,0.013039866119646248,0.013039866119646248,0.0
development,smoothed_top5_gross,202312,-0.02364671168005117,-0.02364671168005117,0.0
selection,smoothed_top5_gross,202401,-0.13186071960225287,-0.13186071960225287,0.0
selection,smoothed_top5_gross,202402,0.0492703262206462,0.0492703262206462,0.0
selection,smoothed_top5_gross,202403,0.12107500990975795,0.12107500990975795,0.0
selection,smoothed_top5_gross,202404,0.07024888096721349,0.07024888096721349,0.0
selection,smoothed_top5_gross,202405,-0.04527871824247198,-0.04527871824247198,0.0
selection,smoothed_top5_gross,202406,-0.04677379939992454,-0.04677379939992454,0.0
selection,smoothed_top5_gross,202407,-0.030637410603582493,-0.030637410603582493,0.0
selection,smoothed_top5_gross,202408,-0.0008770991281153995,-0.0008770991281153995,0.0
selection,smoothed_top5_gross,202409,0.20067678854330162,0.20067678854330162,0.0
selection,smoothed_top5_gross,202410,0.05907430402605329,0.05907430402605329,0.0
selection,smoothed_top5_gross,202411,0.10198821751656317,0.10198821751656317,0.0
selection,smoothed_top5_gross,202412,0.0359432796856165,0.0359432796856165,0.0
selection,smoothed_top5_gross,202501,0.046603982060002824,0.046603982060002824,0.0
selection,smoothed_top5_gross,202502,0.13613558361523692,0.13613558361523692,0.0
selection,smoothed_top5_gross,202503,0.007744888493535607,0.007744888493535607,0.0
selection,smoothed_top5_gross,202504,0.11171988065067562,0.11171988065067562,0.0
selection,smoothed_top5_gross,202505,0.09951445184063057,0.09951445184063057,0.0
selection,smoothed_top5_gross,202506,0.02035558723248565,0.02035558723248565,0.0
selection,smoothed_top5_gross,202507,0.041108816697756456,0.041108816697756456,0.0
selection,smoothed_top5_gross,202508,0.05527098596697111,0.05527098596697111,0.0
selection,smoothed_top5_gross,202509,-0.0272321592554442,-0.0272321592554442,0.0
selection,smoothed_top5_gross,202510,0.030427399921684195,0.030427399921684195,0.0
selection,smoothed_top5_gross,202511,-0.02414698033755669,-0.02414698033755669,0.0
selection,smoothed_top5_gross,202512,0.03436817918493751,0.03436817918493751,0.0
observation,smoothed_top5_gross,202601,0.06082573873971353,0.06082573873971353,0.0
observation,smoothed_top5_gross,202602,-0.0010841898193473254,-0.0010841898193473254,0.0
observation,smoothed_top5_gross,202603,0.02890764572915616,0.02890764572915616,0.0
observation,smoothed_top5_gross,202604,0.10704825527373418,0.10704825527373418,0.0
observation,smoothed_top5_gross,202605,-0.04109483706424133,-0.04109483706424133,0.0
observation,smoothed_top5_gross,202606,-0.12912331685301437,-0.12912331685301437,0.0
observation,smoothed_top5_gross,202607,-0.10370442909820088,-0.10370442909820088,0.0
observation,smoothed_top5_gross,202608,0.06906216989839198,0.06906216989839198,0.0
development,smoothed_top5_20bp,201801,0.011448812787626439,-0.005492168850646517,0.016882219977716377
development,smoothed_top5_20bp,201802,-0.006186018283460659,-0.014264594120721563,0.00815896444798154
development,smoothed_top5_20bp,201803,0.08410659813138,0.06503705452018793,0.017737753655970304
development,smoothed_top5_20bp,201804,0.022224769150234636,0.00753002159900884,0.014472497671420854
development,smoothed_top5_20bp,201805,0.019647137043590224,0.0049109988694489015,0.01455163868938783
development,smoothed_top5_20bp,201806,-0.11713395836575602,-0.1278190794295987,0.012171715325351261
development,smoothed_top5_20bp,201807,0.06499584923326962,0.051301400766820215,0.012937358258446899
development,smoothed_top5_20bp,201808,-0.10589181501434208,-0.12132470098817882,0.01740298676164274
development,smoothed_top5_20bp,201809,-0.009867073377613833,-0.023741625103873898,0.014105224319665816
development,smoothed_top5_20bp,201810,-0.15439890454653105,-0.16558646091014628,0.013312380218193216
development,smoothed_top5_20bp,201811,-0.02031929671966537,-0.036721357439259306,0.0168759283727301
development,smoothed_top5_20bp,201812,0.014240482024199475,0.0016125197626941645,0.01252387718730047
development,smoothed_top5_20bp,201901,0.06762323810685045,0.050584523518193425,0.016081428283597668
development,smoothed_top5_20bp,201902,0.20404148484503382,0.18768902158779,0.013667444654313307
development,smoothed_top5_20bp,201903,0.09017779703625828,0.0727716762690358,0.01608835626211513
development,smoothed_top5_20bp,201904,0.017871375184454363,0.004808944637009205,0.012910964240775046
development,smoothed_top5_20bp,201905,-0.04206527674591021,-0.05660760961947142,0.015290704290486328
development,smoothed_top5_20bp,201906,-0.0021780164474783925,-0.018064907004707198,0.01604179530568695
development,smoothed_top5_20bp,201907,-0.012671444797717979,-0.033049595766908135,0.020843944721138416
development,smoothed_top5_20bp,201908,0.011103923224939471,-0.007040863834587574,0.01809984965008909
development,smoothed_top5_20bp,201909,-0.00712381483465363,-0.02450537850209622,0.017651361675353444
development,smoothed_top5_20bp,201910,-0.00027996282847175813,-0.016187074254808476,0.016031005380251137
development,smoothed_top5_20bp,201911,-0.013131518005601084,-0.02849189382258288,0.01568014834361294
development,smoothed_top5_20bp,201912,0.08264555849393429,0.06624641135548437,0.015256419622311487
development,smoothed_top5_20bp,202001,0.06549061317682403,0.04724817831264261,0.01725887690741945
development,smoothed_top5_20bp,202002,0.07534165935496828,0.056456258426083705,0.017709221822439794
development,smoothed_top5_20bp,202003,-0.06162043642377768,-0.08102359928722025,0.020882643738063762
development,smoothed_top5_20bp,202004,0.030871313341132467,0.014412367075887778,0.016086654950571468
development,smoothed_top5_20bp,202005,0.04345958409219586,0.028493056764517632,0.014440763139432598
development,smoothed_top5_20bp,202006,0.06260775943471253,0.04525179324078055,0.01646010269313039
development,smoothed_top5_20bp,202007,0.19965873426043412,0.18661323269172292,0.010930552942000986
development,smoothed_top5_20bp,202008,0.010614364041920288,0.003301920099161304,0.007260173126183566
development,smoothed_top5_20bp,202009,-0.03900446846117778,-0.05433853410522116,0.01607801651871538
development,smoothed_top5_20bp,202010,0.017574904972214034,0.004173604036208589,0.013250497197852259
development,smoothed_top5_20bp,202011,0.07925052128997523,0.05948496273387094,0.01847426194832257
development,smoothed_top5_20bp,202012,-0.043838352665769076,-0.059888184344067175,0.016920236704005373
development,smoothed_top5_20bp,202101,0.03277316295488131,0.019893634787295777,0.012544435733329503
development,smoothed_top5_20bp,202102,0.029072786315643473,0.016702801454876015,0.012087345219199207
development,smoothed_top5_20bp,202103,-0.007464406835921533,-0.02565606959731881,0.018489489635527233
development,smoothed_top5_20bp,202104,0.014212069795707105,-0.002753906585464927,0.01686167778351861
development,smoothed_top5_20bp,202105,0.05385520850691061,0.03790739449688796,0.015241266362857164
development,smoothed_top5_20bp,202106,0.02187239660175022,0.007179121794297805,0.014476549395366049
development,smoothed_top5_20bp,202107,0.03211777253853643,0.00995403748472401,0.021695865260379928
development,smoothed_top5_20bp,202108,0.10766197040357173,0.08479248578860976,0.020851816616881604
development,smoothed_top5_20bp,202109,-0.023816926148257145,-0.04016859639285175,0.016883465978102637
development,smoothed_top5_20bp,202110,-0.04498835833896819,-0.057243525883473145,0.01290920311399112
development,smoothed_top5_20bp,202111,0.05410744086032526,0.033173245343788516,0.02004872995233162
development,smoothed_top5_20bp,202112,0.009668772316213214,-0.01161012179493015,0.02128933231239838
development,smoothed_top5_20bp,202201,-0.0743737395689198,-0.08731276349820649,0.014071084602413289
development,smoothed_top5_20bp,202202,0.055774482206341736,0.043492435121603945,0.011695814434384815
development,smoothed_top5_20bp,202203,0.013753363601044066,-0.005633944120997825,0.019300477933403063
development,smoothed_top5_20bp,202204,-0.18519334048956493,-0.19467667890593088,0.011702717484337115
development,smoothed_top5_20bp,202205,0.17300972591465458,0.15612242117720254,0.014494887880135377
development,smoothed_top5_20bp,202206,0.059020593759462336,0.03922752986074762,0.01885662569610144
development,smoothed_top5_20bp,202207,0.047455716474550824,0.02828797146968598,0.01845919154784535
development,smoothed_top5_20bp,202208,0.044163391874177504,0.019716478165682894,0.02367759309901346
development,smoothed_top5_20bp,202209,-0.11348120099649528,-0.130400890071236,0.019259719054935516
development,smoothed_top5_20bp,202210,0.03915688059537836,0.023781708303230786,0.014898508668595097
development,smoothed_top5_20bp,202211,0.10709091015600736,0.0833745546586322,0.021642324695249123
development,smoothed_top5_20bp,202212,-0.03198936696300858,-0.05127497129234415,0.020113570205409916
development,smoothed_top5_20bp,202301,0.06881358193719334,0.05390523638354905,0.014039694315985927
development,smoothed_top5_20bp,202302,0.025089090764002453,0.005542749821241255,0.019241316437595857
development,smoothed_top5_20bp,202303,0.011513002590858301,-0.010174188949726326,0.02166227373569156
development,smoothed_top5_20bp,202304,0.013299117323415599,-0.0012322823995690735,0.014436947359007371
development,smoothed_top5_20bp,202305,0.0251983589771152,0.0060260869030663855,0.01886772807026228
development,smoothed_top5_20bp,202306,-0.008168088071351609,-0.02515779344199931,0.017269573323562614
development,smoothed_top5_20bp,202307,0.05185516708867466,0.03510080276109484,0.016049216857370152
development,smoothed_top5_20bp,202308,-0.03308664353921609,-0.05533896877707145,0.023267612144813692
development,smoothed_top5_20bp,202309,-0.020434802946394548,-0.03567198654760706,0.01566995861267973
development,smoothed_top5_20bp,202310,-0.05462627395017161,-0.07079882527595116,0.01724453416399526
development,smoothed_top5_20bp,202311,0.013039866119646248,-0.005871845059029157,0.01883518110329332
development,smoothed_top5_20bp,202312,-0.02364671168005117,-0.04188466575859162,0.01884660798351908
selection,smoothed_top5_20bp,202401,-0.13186071960225287,-0.14877790020032033,0.019667892603866217
selection,smoothed_top5_20bp,202402,0.0492703262206462,0.03628926133991772,0.012442642143939217
selection,smoothed_top5_20bp,202403,0.12107500990975795,0.1001528070151787,0.018829262044441474
selection,smoothed_top5_20bp,202404,0.07024888096721349,0.051048099983032724,0.0180929723509898
selection,smoothed_top5_20bp,202405,-0.04527871824247198,-0.06197905510375301,0.017637055657069068
selection,smoothed_top5_20bp,202406,-0.04677379939992454,-0.06198513488281354,0.01607900225688292
selection,smoothed_top5_20bp,202407,-0.030637410603582493,-0.0495331691985017,0.01967587789688391
selection,smoothed_top5_20bp,202408,-0.0008770991281153995,-0.01879538090912558,0.0180879798428653
selection,smoothed_top5_20bp,202409,0.20067678854330162,0.17872652273083411,0.0184406300920151
selection,smoothed_top5_20bp,202410,0.05907430402605329,0.04175062894441384,0.01648336691380327
selection,smoothed_top5_20bp,202411,0.10198821751656317,0.08438647294224721,0.016093899152562846
selection,smoothed_top5_20bp,202412,0.0359432796856165,0.025962974176888753,0.009677187710039531
selection,smoothed_top5_20bp,202501,0.046603982060002824,0.03274924358444231,0.01331932865526457
selection,smoothed_top5_20bp,202502,0.13613558361523692,0.11622998811708563,0.017665745153913958
selection,smoothed_top5_20bp,202503,0.007744888493535607,-0.010283052011641924,0.018040343933797956
selection,smoothed_top5_20bp,202504,0.11171988065067562,0.0957411905523271,0.014469035545105568
selection,smoothed_top5_20bp,202505,0.09951445184063057,0.08503992607966082,0.013245692307924757
selection,smoothed_top5_20bp,202506,0.02035558723248565,0.004903063580856681,0.015252697331123374
selection,smoothed_top5_20bp,202507,0.041108816697756456,0.026580114282627187,0.014047284834979835
selection,smoothed_top5_20bp,202508,0.05527098596697111,0.041777539316507184,0.012864004858814778
selection,smoothed_top5_20bp,202509,-0.0272321592554442,-0.03965085366384147,0.01284099405182903
selection,smoothed_top5_20bp,202510,0.030427399921684195,0.020953397527762263,0.009232511184745466
selection,smoothed_top5_20bp,202511,-0.02414698033755669,-0.03391096783901204,0.010051562845026375
selection,smoothed_top5_20bp,202512,0.03436817918493751,0.015003563283187749,0.018888772821915322
observation,smoothed_top5_20bp,202601,0.06082573873971353,0.04601753720628854,0.014051601865280596
observation,smoothed_top5_20bp,202602,-0.0010841898193473254,-0.012257475145500907,0.011242322540110924
observation,smoothed_top5_20bp,202603,0.02890764572915616,0.01493091058212559,0.013670402020103996
observation,smoothed_top5_20bp,202604,0.10704825527373418,0.08759601686202068,0.017717956048077077
observation,smoothed_top5_20bp,202605,-0.04109483706424133,-0.05523281685142556,0.01484633183829728
observation,smoothed_top5_20bp,202606,-0.12912331685301437,-0.1427518982102044,0.01576593258085847
observation,smoothed_top5_20bp,202607,-0.10370442909820088,-0.12195169167277686,0.02055658546868784
observation,smoothed_top5_20bp,202608,0.06906216989839198,0.06350132119856533,0.0052122157338510555
development,simple_product_20bp,201801,0.0012247694590972191,-0.0032076004292864724,0.004435205438928302
development,simple_product_20bp,201802,-0.02196820771298913,-0.022928121483821617,0.000981707700970869
development,simple_product_20bp,201803,-0.005835513390787472,-0.007427237754962901,0.0016019095612985943
development,simple_product_20bp,201804,0.013991881737851264,0.012136923854046966,0.0018306511179003956
development,simple_product_20bp,201805,-0.016305809010565997,-0.02251778932485138,0.006332722758608211
development,simple_product_20bp,201806,-0.0351086645129457,-0.03824361306395241,0.003253569574694586
development,simple_product_20bp,201807,-0.0045072142972079066,-0.005718060554716575,0.0012167830205971307
development,simple_product_20bp,201808,-0.04414716373147687,-0.04724000486534152,0.0032403241349299007
development,simple_product_20bp,201809,0.02969136675390338,0.027762487339129116,0.0018747808320688695
development,simple_product_20bp,201810,-0.028177706962313365,-0.029570589490341748,0.0014339884150375427
development,simple_product_20bp,201811,-0.010681121209378586,-0.012442738625963345,0.0017816943091039468
development,simple_product_20bp,201812,0.018741938662533597,0.0168780125894199,0.0018308400970191046
development,simple_product_20bp,201901,0.015902823539083455,0.01316499260106796,0.0026982546859319594
development,simple_product_20bp,201902,0.0726445828736304,0.0688751547593347,0.003519553977228724
development,simple_product_20bp,201903,0.06660124571943449,0.059283670727513726,0.006882328410834564
development,simple_product_20bp,201904,-0.018373099052102937,-0.025076203117492035,0.006849955685888512
development,simple_product_20bp,201905,-0.007360759871292255,-0.013298008632962932,0.005997896869506017
development,simple_product_20bp,201906,0.01114928705515017,0.008300390251988699,0.002820814511264149
development,simple_product_20bp,201907,-0.0006472668101096257,-0.003272539181365608,0.0026298821748324042
development,simple_product_20bp,201908,0.018327370626692208,0.015182652854153877,0.0030923744144237928
development,simple_product_20bp,201909,-0.027000972975617432,-0.03163891187488366,0.004776495396664494
development,simple_product_20bp,201910,0.013361812096478243,0.011694521379499445,0.001646491929034384
development,simple_product_20bp,201911,-0.02009731196373632,-0.02544138961522502,0.005466415153652366
development,simple_product_20bp,201912,0.023963159153052915,0.0218740469564358,0.0020420975446729397
development,simple_product_20bp,202001,0.026301551977387705,0.021791739987050418,0.0044029427143568774
development,simple_product_20bp,202002,-0.029898368984359935,-0.035510634783537,0.005799189458470032
development,simple_product_20bp,202003,-0.03759057716091807,-0.04192960879944907,0.004516506793962892
development,simple_product_20bp,202004,0.013838844179536958,0.011150100226569037,0.0026550491153330613
development,simple_product_20bp,202005,0.012390922146705341,0.010989832341304462,0.001384738833466771
development,simple_product_20bp,202006,0.029230729920330267,0.025966187410726205,0.003176085897993487
development,simple_product_20bp,202007,0.13412509700621444,0.12816261867075895,0.005269305589234662
development,simple_product_20bp,202008,0.010577668386729577,0.0075979227960081275,0.0029522485691778136
development,simple_product_20bp,202009,-0.05604268013410518,-0.06300084381068694,0.007396513159408261
development,simple_product_20bp,202010,0.010953708662997608,0.0082046868614718,0.0027223269669818676
development,simple_product_20bp,202011,0.012760076932868847,0.011312189751346402,0.0014305215204689923
development,simple_product_20bp,202012,-0.016139416604342705,-0.018327180086800232,0.002225781578137905
development,simple_product_20bp,202101,0.006498641229521818,0.004207836738184589,0.002278288221220247
development,simple_product_20bp,202102,-0.01044094912705007,-0.012264354582550374,0.0018441146424180925
development,simple_product_20bp,202103,0.014383854279514718,0.012302045038516951,0.002054187175485249
development,simple_product_20bp,202104,-0.005547007115222713,-0.011750190618667555,0.006255372199010786
development,simple_product_20bp,202105,0.050212873633949995,0.04575182407642453,0.004255799782376583
development,simple_product_20bp,202106,0.04853786195862764,0.0412321495019794,0.006989861563888133
development,simple_product_20bp,202107,0.07372775808259391,0.06503841123756904,0.008122664880363749
development,simple_product_20bp,202108,0.08747843140501432,0.07759129128519704,0.00912953732816775
development,simple_product_20bp,202109,-0.04354959840334327,-0.05084452735969813,0.007653922964290883
development,simple_product_20bp,202110,0.018775174420315288,0.013810354544988579,0.004883888661999429
development,simple_product_20bp,202111,0.017221704278473915,0.010598679896954621,0.0065304625424783425
development,simple_product_20bp,202112,0.012993471317898964,0.006692765802841505,0.006237869060073036
development,simple_product_20bp,202201,-0.05823062754078845,-0.06195816983507174,0.003964680391135648
development,simple_product_20bp,202202,0.0011219001157756203,-0.00026891377822924056,0.0013892552883358624
development,simple_product_20bp,202203,-0.016526288006067924,-0.017900446196347564,0.001397850524202061
development,simple_product_20bp,202204,-0.025567069343929938,-0.026697455331597064,0.0011603811657133825
development,simple_product_20bp,202205,0.0031575185938164108,0.0025556240826603016,0.0006000000000000001
development,simple_product_20bp,202206,0.016143685205723513,0.013873802129052537,0.0022358443430200736
development,simple_product_20bp,202207,0.02212232394060276,0.019480460681180478,0.0025877397270548455
development,simple_product_20bp,202208,0.004717087824489097,0.002001334214262407,0.0027062295508742252
development,simple_product_20bp,202209,-0.03164803958327134,-0.0344095225289609,0.0028554498712315703
development,simple_product_20bp,202210,0.01063769916081081,0.009183562088669772,0.0014396766253833159
development,simple_product_20bp,202211,0.03195879489397391,0.029215241628128608,0.0026617749727289508
development,simple_product_20bp,202212,-0.010417400701475121,-0.013063636388980893,0.002677171146729317
development,simple_product_20bp,202301,0.02803882689197912,0.02613674490848572,0.0018517583587167304
development,simple_product_20bp,202302,0.004766662101386654,0.002414839914985256,0.002343115514421723
development,simple_product_20bp,202303,0.004465372230491482,0.0017458402432204423,0.002710843827485527
development,simple_product_20bp,202304,0.002881663724131789,0.0005833544977795757,0.0022941567673554356
development,simple_product_20bp,202305,0.0008164933333809632,-0.0016100677785725326,0.0024271580151146587
development,simple_product_20bp,202306,0.0003484990992244086,-0.002080173605586988,0.0024302898054768107
development,simple_product_20bp,202307,0.014118659075696538,0.011786152827377716,0.002302257991015697
development,simple_product_20bp,202308,-0.010379872715418292,-0.013555642094958742,0.003213797768863725
development,simple_product_20bp,202309,-0.004134212365732859,-0.006362866884676355,0.0022401045159334233
development,simple_product_20bp,202310,-0.01405245932981436,-0.016474547587150057,0.002459299032578069
development,simple_product_20bp,202311,0.01146222110677586,0.008944219391250119,0.0024923215997768736
development,simple_product_20bp,202312,-0.005813672510178947,-0.008311353298988466,0.002515154855678319
selection,simple_product_20bp,202401,-0.011135669890602218,-0.013352774644652343,0.002244158441681147
selection,simple_product_20bp,202402,0.0011670357292477007,0.0011670357292477007,0.0
selection,simple_product_20bp,202403,0.016068693971830195,0.014212063064626745,0.0018284645055888168
selection,simple_product_20bp,202404,0.0030371790698835444,0.0005706645880418915,0.0024615760479727534
selection,simple_product_20bp,202405,-0.000882709664843051,-0.0030207674331160783,0.002141861646026344
selection,simple_product_20bp,202406,-0.0008404066816789513,-0.003575071012243747,0.002740179533889337
selection,simple_product_20bp,202407,-0.0020913195435925402,-0.004964962427149611,0.0028834813487471594
selection,simple_product_20bp,202408,0.0036752544900651163,0.0010377941848307426,0.0026309127932997237
selection,simple_product_20bp,202409,0.0910846728384278,0.08874832223173312,0.0021433732297066266
selection,simple_product_20bp,202410,0.03695146230818791,0.031636576575358566,0.005137107361867597
selection,simple_product_20bp,202411,0.07170791629793705,0.0638713700624205,0.007336688732015028
selection,simple_product_20bp,202412,0.05140137428054414,0.047156961247499796,0.00404410103016121
selection,simple_product_20bp,202501,-0.008288104031954902,-0.016483934328752614,0.008295058071701087
selection,simple_product_20bp,202502,0.028969402961378066,0.02707407200389378,0.0018433585244531253
selection,simple_product_20bp,202503,0.01210635558114892,0.006696862475470855,0.005357470443748675
selection,simple_product_20bp,202504,0.020742751510869573,0.013702521349968855,0.006919045170277602
selection,simple_product_20bp,202505,0.051537482220193276,0.04705534991986071,0.004270638442705768
selection,simple_product_20bp,202506,-0.002657176292335195,-0.006504142846463612,0.0038634406305618095
selection,simple_product_20bp,202507,0.035974189627761666,0.028479521874756886,0.00725740564167898
selection,simple_product_20bp,202508,0.052599231494636633,0.045840652449243846,0.006439768930045501
selection,simple_product_20bp,202509,-0.028222819438568747,-0.03369305208714313,0.005641944389570958
selection,simple_product_20bp,202510,-0.006605838709639489,-0.011379471553779164,0.004814711360514136
selection,simple_product_20bp,202511,-0.011730562613804119,-0.017562336229565045,0.005916282818172729
selection,simple_product_20bp,202512,0.022409870566204138,0.017001318854745984,0.005302390719305714
observation,simple_product_20bp,202601,0.028779149575918206,0.02189186192873982,0.006715016285829067
observation,simple_product_20bp,202602,0.007654219164431542,0.0027857754217046615,0.004841387090566257
observation,simple_product_20bp,202603,-0.01012736419319693,-0.017877955523380784,0.007858153724936149
observation,simple_product_20bp,202604,0.03151643028862061,0.02791047714657502,0.0035008100930730276
observation,simple_product_20bp,202605,-0.008574230616333556,-0.010768139186617898,0.0022148704125978867
observation,simple_product_20bp,202606,-0.00434784473069183,-0.006384730479766176,0.0020473766258714077
observation,simple_product_20bp,202607,-0.012681246221207698,-0.014848756528348717,0.00219722727936735
observation,simple_product_20bp,202608,0.0001887448467690067,0.0001887448467690067,0.0
