trade_date,top50_return_5d,universe_return_5d,top50_excess_5d,top50_mean_percentile,precision_at_50,random_precision_at_50,ndcg_at_50,random_ndcg_at_50,turnover,rank_ic,month,year
20240102,-0.11814120715472695,-0.04184544057557213,-0.07629576657915482,0.16076186901857759,0.04,0.009382623381497467,0.03481793919360313,0.024107087008194156,,0.1547344186193272,202401,2024
20240103,-0.11372950391431047,-0.0453690686047079,-0.06836043530960256,0.16914071294559097,0.04,0.009380863039399626,0.0673952519523837,0.024190118824265167,0.38,0.21923140622454118,202401,2024
20240104,-0.12168009945528642,-0.027200093589951894,-0.09448000586533453,0.0813846153846154,0.0,0.009380863039399626,0.003876650350550415,0.02411507191994997,0.36,0.07757642523675046,202401,2024
20240105,-0.16108367517894423,-0.020441703559788093,-0.14064197161915615,0.06547261815453863,0.0,0.009377344336084021,0.002913718698510498,0.024106026506626656,0.36,0.030930109562014876,202401,2024
20240108,-0.15788616617886403,-0.0031070938176338,-0.15477907236123023,0.051219054763690916,0.0,0.009377344336084021,0.0009647815139473734,0.024106026506626656,0.38,-0.026075488799642825,202401,2024
20240109,-0.04691521262895137,-0.00783964808041481,-0.03907556454853656,0.2186309077269317,0.0,0.009377344336084021,0.05318593050219684,0.024106026506626656,0.30000000000000004,-0.03303703567582499,202401,2024
20240110,-0.07387962851359543,-0.024755565212473993,-0.04912406330112144,0.18987626546681663,0.04,0.009373828271466067,0.08684881889794191,0.024096987876515437,0.24,-0.018404028255907416,202401,2024
20240111,-0.04448477956764343,-0.04479792290190792,0.0003131433342644929,0.435704647676162,0.06,0.009370314842578711,0.07474062482254333,0.024087956021989005,0.42000000000000004,-0.031087931731815344,202401,2024
20240112,0.15511796265968536,-0.04292617745695536,0.19804414011664073,0.9754576144036008,0.3,0.009377344336084021,0.46329426102222987,0.024106026506626656,0.43999999999999995,0.05279762624659689,202401,2024
20240115,0.14865296840541894,-0.09326883274849268,0.24192180115391163,0.977265566391598,0.26,0.009377344336084021,0.47033649919355447,0.024106026506626656,0.36,-0.036418512454553645,202401,2024
20240116,0.03472436124700707,-0.08995081447738976,0.12467517572439682,0.8204724409448819,0.12,0.009373828271466067,0.25391439717265163,0.024096987876515437,0.62,-0.10097425787695559,202401,2024
20240117,0.05411800268273703,-0.05399843615191644,0.10811643883465347,0.7773340832395951,0.18,0.009373828271466067,0.32119554717785204,0.024096987876515437,0.43999999999999995,-0.10816088014572263,202401,2024
20240118,0.013887870874445228,-0.018117097922980777,0.03200496879742601,0.5550159265504966,0.08,0.00936855911560802,0.10186009221320849,0.02408344263318968,0.45999999999999996,-0.005382322540941379,202401,2024
20240119,-0.03175551479735705,-0.011768949142187008,-0.01998656565517004,0.37460846759085803,0.0,0.009366804046459348,0.056780552897257294,0.024078930935431498,0.8,0.17829613992391405,202401,2024
20240122,-0.014680232524458173,0.01393330273363239,-0.028613535258090565,0.40905600299681594,0.0,0.009365049634763064,0.00771927445097211,0.02407442092776425,0.8,0.15140554176004947,202401,2024
20240123,-0.12982563346759496,-0.02064185970786203,-0.10918377375973293,0.12389398763813447,0.02,0.009365049634763064,0.015217663775954736,0.02407442092776425,0.8200000000000001,0.2877893230015329,202401,2024
20240124,-0.11211523776408373,-0.07750505839829773,-0.034610179365786004,0.288250936329588,0.02,0.009363295880149813,0.018280419925499853,0.024107365792759048,0.43999999999999995,0.3358880314439536,202401,2024
20240125,-0.13110674544207637,-0.12223274914064734,-0.00887399630142903,0.4236060662797228,0.02,0.009361542782250515,0.01662997681345166,0.024102852150034326,0.54,0.16220756017694865,202401,2024
20240126,-0.17355804599845798,-0.15608305334080236,-0.01747499265765562,0.39395357543991016,0.02,0.009359790340696368,0.03919851781651185,0.024098340197179585,0.31999999999999995,0.009565319724745282,202401,2024
20240129,-0.09096660256306001,-0.19563340024857703,0.10466679768551702,0.7768781583380122,0.08,0.009358038555118848,0.09850433228775252,0.02409382993324599,0.36,0.14455561443619072,202401,2024
20240130,0.02090453311647547,-0.1445047964881445,0.16540932960461996,0.9103612202882274,0.0,0.009358038555118848,0.05654876150430175,0.02409382993324599,1.0,0.2207444789618529,202401,2024
20240131,0.05466318984971725,-0.11518102725322756,0.1698442171029448,0.8627619760479043,0.0,0.0093562874251497,0.04106207074988196,0.024089321357285427,0.52,0.2606984164195232,202401,2024
20240201,0.043614179776028605,-0.04724816201202785,0.09086234178805645,0.745681137724551,0.0,0.0093562874251497,0.0010246755134042929,0.024089321357285427,0.52,0.2087127279760949,202402,2024
20240202,0.06107684453675164,0.025564246211897235,0.03551259832485441,0.5989186155285313,0.0,0.009354536950420954,0.0,0.024084814468350483,0.6,0.11854650336010501,202402,2024
20240205,0.08321089597697322,0.12974664669580332,-0.04653575071883011,0.2933252245508982,0.0,0.0093562874251497,0.0,0.024089321357285427,0.26,-0.32318454856301365,202402,2024
20240206,0.043924680991926535,0.11521536013490977,-0.07129067914298323,0.14523854069223574,0.0,0.009354536950420954,0.0,0.024084814468350483,0.62,-0.3387483067831455,202402,2024
20240207,0.02378562830020757,0.16160550169381646,-0.1378198733936089,0.13580246913580246,0.0,0.00935278713056491,0.0,0.02408030926549445,0.12,-0.2908540257686106,202402,2024
20240208,0.013402737539324795,0.11781658620673822,-0.10441384866741343,0.16789454001495888,0.0,0.009349289454001496,0.0,0.024071303914235856,0.18000000000000005,-0.3115544096907199,202402,2024
20240219,0.005126500899720099,0.09648204306934581,-0.09135554216962571,0.1430703066566941,0.0,0.009349289454001496,0.0,0.024071303914235856,0.21999999999999997,-0.34786979903647497,202402,2024
20240220,0.01628287696432916,0.11286847074954919,-0.09658559378522003,0.13763649962602842,0.0,0.009349289454001496,0.0,0.024071303914235856,0.28,-0.39911476254180445,202402,2024
20240221,0.0017216579037250801,0.027761748976171372,-0.026040091072446293,0.3040968586387434,0.0,0.009349289454001496,0.004299635037745646,0.024071303914235856,0.54,-0.30080634069303575,202402,2024
20240222,0.008732455714474922,0.04334924003114648,-0.034616784316671555,0.2477692595362752,0.0,0.009349289454001496,0.0,0.024071303914235856,0.31999999999999995,-0.18510130685267226,202402,2024
20240223,0.012379495261244962,0.028694224501333417,-0.016314729240088456,0.39101365251542913,0.0,0.009351037965214139,0.011723529909072284,0.024075805747771337,0.36,0.026760998789307953,202402,2024
20240226,0.016690450376978624,0.015128419740845292,0.0015620306361333325,0.5487280209502432,0.0,0.00935278713056491,0.00662744264713435,0.02408030926549445,0.36,0.16990209327848366,202402,2024
20240227,0.008969772915588752,-0.0291286095393178,0.03809838245490655,0.7496184776510192,0.0,0.009351037965214139,0.018012714905971075,0.024075805747771337,0.36,0.3443661439545528,202402,2024
20240228,0.02105492364060944,0.043805181791806286,-0.022750258151196846,0.3972091283202394,0.0,0.00935278713056491,0.0022828898864593133,0.02408030926549445,0.88,-0.32625605422842385,202402,2024
20240229,0.00903197572267842,-0.003378149365162632,0.012410125087841051,0.5884137673026563,0.0,0.00935278713056491,0.01993972405300972,0.02408030926549445,0.94,0.12145421516689558,202402,2024
20240301,0.008650865327319717,-0.004250161834516262,0.01290102716183598,0.5587616909839132,0.04,0.00935278713056491,0.05696249776919446,0.02408030926549445,0.96,0.09294494388066545,202403,2024
20240304,0.01690993997625037,0.014092393219295668,0.0028175467569547027,0.5547418630751965,0.0,0.00935278713056491,0.008972165713495451,0.02408030926549445,0.96,-0.029682283319640852,202403,2024
20240305,0.051776689049324406,0.04278854524604943,0.008988143803274978,0.5686307519640853,0.02,0.00935278713056491,0.019863688757846262,0.02408030926549445,0.96,-0.11029056915798442,202403,2024
20240306,0.04431873675743589,0.03258412511138314,0.011734611646052752,0.6012572497661366,0.02,0.009354536950420954,0.05795394870376062,0.024084814468350483,1.0,0.10982298944189818,202403,2024
20240307,0.021587455342086982,0.03653876687992932,-0.014951311537842335,0.38736576239476145,0.0,0.009354536950420954,0.002256775265426147,0.024084814468350483,0.92,0.015932286556349533,202403,2024
20240308,0.05169729766658591,0.04241047365828243,0.009286824008303475,0.5495324481017393,0.02,0.009351037965214139,0.023802987694245104,0.024075805747771337,0.98,0.0929107021249458,202403,2024
20240311,0.039383097284574835,0.04257499011102562,-0.0031918928264507845,0.48341002618780393,0.02,0.00935278713056491,0.020952376721855324,0.02408030926549445,0.94,0.11242373176802066,202403,2024
20240312,0.022543162382882686,0.027272490540023078,-0.004729328157140392,0.4249177262528048,0.02,0.009349289454001496,0.04061638367945259,0.024071303914235856,0.86,-0.01963610741581802,202403,2024
20240313,0.04204048699598818,0.03808007561914598,0.0039604113768422,0.49104299065420565,0.02,0.009345794392523364,0.01867931374767071,0.024124610591900315,0.92,-0.01833705947663538,202403,2024
20240314,0.04224951979191917,0.04441740834371343,-0.002167888551794263,0.5271102803738317,0.0,0.009345794392523364,0.002111802866127841,0.024124610591900315,0.31999999999999995,0.03589596243481223,202403,2024
20240315,0.00831652228271993,0.013734319692862044,-0.005417797410142113,0.4841559169938306,0.0,0.009347541596560104,0.007616838480145601,0.024066803763943417,0.4,-0.02004328875190447,202403,2024
20240318,-0.025539667444071726,-0.030497527284070503,0.004957859839998777,0.5574663425579656,0.0,0.009349289454001496,0.011343957922850288,0.024071303914235856,0.26,-0.05365328708447723,202403,2024
20240319,-0.01313687886840461,-0.028077972535049005,0.014941093666644395,0.6012822429906542,0.0,0.009345794392523364,0.030085859429521886,0.024124610591900315,0.30000000000000004,-0.07609592946711391,202403,2024
20240320,-0.05185599713086836,-0.068061011718,0.01620501458713164,0.5970229863576901,0.0,0.009344047841524948,0.02341056687114909,0.024120102161589736,0.54,-0.13813016647665774,202403,2024
20240321,-0.04456046393371288,-0.047925218664884056,0.0033647547311711767,0.5283105961502522,0.0,0.009344047841524948,0.027167903500589438,0.024120102161589736,0.38,-0.1337091597428287,202403,2024
20240322,-0.029819508872915523,-0.022750088371625173,-0.007069420501290349,0.47545879274901887,0.0,0.009344047841524948,0.003801230962400904,0.024120102161589736,0.56,-0.02678117234479923,202403,2024
20240325,0.02066400852734926,0.023484994607787496,-0.002820986080438237,0.5220497010463377,0.0,0.009342301943198805,0.0072486973935276125,0.02411559541604385,0.42000000000000004,0.1190428740377881,202403,2024
20240326,0.028233676955329662,0.02215768685184693,0.006075990103482733,0.5450980758453204,0.0,0.009340556697179151,0.021052300846070886,0.02411109035431845,0.42000000000000004,0.10306245965990216,202403,2024
20240327,0.041184861221405536,0.046312737237328254,-0.005127876015922718,0.4904276377217554,0.0,0.009337068160597572,0.00828131029150766,0.024102085278555868,0.7,0.10390543238327117,202403,2024
20240328,0.014638131313849749,-0.001507278935177842,0.01614541024902759,0.6047759522031366,0.0,0.009335324869305451,0.013837356777571983,0.024097585262633805,0.16000000000000003,-0.008320405028938405,202403,2024
20240329,0.013054884309856978,0.000685341153998354,0.012369543155858623,0.5924887976101568,0.0,0.009335324869305451,0.01624043011427245,0.024097585262633805,0.19999999999999996,0.028938224435462637,202403,2024
20240401,-0.030431658188781324,-0.03845115054808071,0.008019492359299385,0.5299402762224712,0.02,0.00933184023889511,0.02599924725400131,0.024088590270001247,0.24,-0.09575729455587591,202404,2024
20240402,-0.03076794519860572,-0.03568002637258224,0.004912081173976519,0.5116253032282142,0.02,0.009330098899048329,0.023757628083058136,0.02408409529141009,0.19999999999999996,-0.16188293905431148,202404,2024
20240403,-0.034389595660123055,-0.035118586344250996,0.0007289906841279406,0.5331896229936544,0.0,0.00933184023889511,0.006913134211352938,0.024088590270001247,0.5,0.03184054694573645,202404,2024
20240408,-0.03462503748255776,-0.0437159565735331,0.009090919090975341,0.5687968662562954,0.0,0.009326618168252192,0.00489265131121726,0.024112416837654665,0.12,-0.056922326597713534,202404,2024
20240409,-0.0756759746814412,-0.11580124173942166,0.04012526705798046,0.6463054830287207,0.0,0.009324878776575904,0.021845451789985842,0.024107919930374238,0.07999999999999996,-0.0004904524759501813,202404,2024
20240410,-0.024958169062161778,-0.04769839570941574,0.02274022664725396,0.6090320775829915,0.0,0.009324878776575904,0.017872626651134423,0.024107919930374238,0.07999999999999996,0.005235690201616907,202404,2024
20240411,-0.034987979447299755,-0.050323251255426964,0.015335271808127209,0.5738623647892578,0.0,0.009324878776575904,0.02783400708961989,0.024107919930374238,0.12,-0.059978079814564,202404,2024
20240412,-0.08262173718477886,-0.04917954405612907,-0.03344219312864979,0.38552508860287255,0.0,0.009326618168252192,0.0,0.024112416837654665,0.78,-0.01577193861833396,202404,2024
20240415,-0.037030984061560135,-0.023144370155762883,-0.013886613905797252,0.4648274575638873,0.0,0.009326618168252192,0.0022261099064387535,0.024112416837654665,0.5800000000000001,0.06098292717470698,202404,2024
20240416,0.0033743385266292213,0.05157970859642334,-0.04820537006979412,0.3117142324193247,0.0,0.009326618168252192,0.0,0.024112416837654665,0.36,-0.08709922547398867,202404,2024
20240417,0.008001343045270655,0.01049446260773564,-0.0024931195624649863,0.47872014925373135,0.0,0.009328358208955223,0.003261192067140637,0.024116915422885573,0.7,-0.0404441800528867,202404,2024
20240418,0.015939714731335538,0.015623681981263486,0.00031603275007205216,0.4625004665049449,0.02,0.009330098899048329,0.020261762519001376,0.02408409529141009,0.7,0.019842401408526538,202404,2024
20240419,0.013865196700791307,0.03721082721950909,-0.023345630518717787,0.3727048721299235,0.0,0.009333582228859437,0.0011426542145943526,0.024093086926762493,0.9,-0.17857931402510696,202404,2024
20240422,0.05839897965706576,0.0724362145101091,-0.014037234853043347,0.432755787901419,0.0,0.009335324869305451,0.007998579502160468,0.024097585262633805,0.12,-0.1366327535405742,202404,2024
20240423,0.05736747061172497,0.05744190428042916,-7.4433668704188e-05,0.48163398692810455,0.0,0.009337068160597572,0.015868475073416335,0.024102085278555868,0.18000000000000005,-0.03561381467032309,202404,2024
20240424,0.050965862436203026,0.06011636428816966,-0.009150501851966635,0.4316728902165795,0.0,0.009335324869305451,0.009502516700613894,0.024097585262633805,0.28,-0.05984109851826621,202404,2024
20240425,0.048851653584801424,0.06267743889470687,-0.013825785309905442,0.42325550989914085,0.0,0.009338812103100485,0.0035878897246220355,0.02410658697547005,0.24,-0.022498419609296903,202404,2024
20240426,0.020593283900171292,0.034926646084515,-0.014333362184343706,0.4359371492704826,0.0,0.00935278713056491,0.0029777177729317732,0.02408030926549445,0.4,0.0055178379799820584,202404,2024
20240429,-0.012138950228510977,0.020966320572821787,-0.03310527080133276,0.3075820056232427,0.0,0.00937207122774133,0.0009585613621765625,0.024092471102780382,0.18000000000000005,0.004369833230960274,202404,2024
20240430,0.012014004753410565,0.018299467542482746,-0.006285462789072181,0.4695282128703529,0.0,0.009435742592942064,0.004833532657703797,0.024105177077435994,0.42000000000000004,0.00922038548897179,202404,2024
20240506,-0.02067910647076015,-0.020692260111232246,1.3153640472097355e-05,0.5382846441947565,0.0,0.009363295880149813,0.0046894783306995445,0.024107365792759048,0.30000000000000004,0.052604578505348706,202405,2024
20240507,-0.01476799814870317,-0.019098280028813027,0.004330281880109857,0.5560692883895131,0.0,0.009363295880149813,0.0047777442927448965,0.024107365792759048,0.31999999999999995,-0.0019034295366671444,202405,2024
20240508,-0.009714572612329607,-0.013772404714616025,0.004057832102286418,0.5281491195204197,0.0,0.009366804046459348,0.024684602182433953,0.024078930935431498,0.98,0.13201060382805083,202405,2024
20240509,-0.02569319246879468,-0.02222227339842456,-0.003470919070370119,0.46339513108614233,0.0,0.009363295880149813,0.016924569770941478,0.024107365792759048,0.96,0.09486359546094496,202405,2024
20240510,0.0020225283101283132,0.0016407959188265726,0.00038173239130174065,0.54126615471062,0.0,0.009365049634763064,0.003760926374238173,0.02407442092776425,0.88,0.16725197896669197,202405,2024
20240513,0.023981246096291497,0.021808562506992955,0.002172683589298542,0.5249400524541027,0.0,0.009366804046459348,0.032722582563986566,0.024078930935431498,0.84,0.21721739144985788,202405,2024
20240514,0.007209105423379736,0.003414271289567577,0.0037948341338121592,0.5805279910129189,0.0,0.009361542782250515,0.0009305580074582984,0.024102852150034326,0.98,0.17216726045607608,202405,2024
20240515,0.01174882499948805,0.01605171255380884,-0.004302887554320789,0.5008105578435044,0.0,0.009359790340696368,0.0013576005494317866,0.024098340197179585,1.0,0.08903185784725334,202405,2024
20240516,-0.017966400440118144,-0.006728713283349991,-0.011237687156768154,0.4261681018345189,0.0,0.009359790340696368,0.00662744264713435,0.024098340197179585,0.76,-0.0031461429018742955,202405,2024
20240517,-0.04088812382243848,-0.029784088899518727,-0.01110403492291975,0.44686505708403523,0.0,0.009358038555118848,0.0,0.02409382993324599,0.8200000000000001,-0.013882661313553816,202405,2024
20240520,-0.026130661310784866,-0.027455127389688718,0.001324466078903852,0.5305038396703502,0.0,0.009365049634763064,0.008058784245687105,0.02407442092776425,0.8200000000000001,0.08374443233227265,202405,2024
20240521,-0.030211103438528477,-0.027056598718590674,-0.0031545047199378028,0.49352302508423807,0.0,0.009359790340696368,0.0034316371062501614,0.024098340197179585,0.8200000000000001,0.14596887345302464,202405,2024
20240522,-0.037516768405421105,-0.030105803661295946,-0.00741096474412516,0.43459479693056335,0.0,0.009358038555118848,0.005058615278350054,0.02409382993324599,0.6599999999999999,0.06243391993137662,202405,2024
20240523,-0.010722679119581628,-0.01865602609634816,0.007933346976766533,0.5532734418865806,0.0,0.009358038555118848,0.008367286716837641,0.02409382993324599,0.7,0.245543656403401,202405,2024
20240524,-0.009233072893077182,-0.001976358147010864,-0.007256714746066317,0.3985211531261699,0.0,0.009359790340696368,0.009819325588067215,0.024098340197179585,0.74,0.10134606030807626,202405,2024
20240527,-0.04468160219382761,-0.0260358421992953,-0.01864575999453231,0.32328277153558055,0.0,0.009363295880149813,0.004929564285913769,0.024107365792759048,0.6799999999999999,-0.025010952425451437,202405,2024
20240528,-0.03899791490631199,-0.023603358532034442,-0.01539455637427755,0.3822734082397003,0.0,0.009363295880149813,0.0,0.024107365792759048,0.6599999999999999,-0.01189550944823422,202405,2024
20240529,-0.04165046847735782,-0.0435155285278141,0.0018650600504562798,0.5201273646750328,0.0,0.009365049634763064,0.00696538189113959,0.02407442092776425,0.98,0.10638407457951357,202405,2024
20240530,-0.06932427984586272,-0.07110693073713727,0.001782650891274551,0.49484644194756555,0.02,0.009363295880149813,0.05158750559733118,0.024107365792759048,0.84,-0.032241963037751724,202405,2024
20240531,-0.0670001551578549,-0.0613548719984322,-0.005645283159422698,0.48387640449438196,0.0,0.009363295880149813,0.008561518504822278,0.024107365792759048,0.8200000000000001,0.05488415376141288,202405,2024
20240603,-0.039747529858108394,-0.037437338297370955,-0.0023101915607374388,0.46655430711610485,0.02,0.009363295880149813,0.03563013206597032,0.024107365792759048,0.6,0.07539949197784007,202406,2024
20240604,-0.015613439000487561,-0.018313973338303112,0.002700534337815551,0.5597452706499345,0.0,0.009365049634763064,0.0009647815139473734,0.02407442092776425,0.72,-0.020049866629395566,202406,2024
20240605,-0.013065429199086953,-0.0033333565246953163,-0.009732072674391638,0.44052385406922356,0.0,0.009354536950420954,0.0018853753251279674,0.024084814468350483,0.96,0.030452052425394286,202406,2024
20240606,-8.369629367808828e-05,0.03520174421331045,-0.03528544050698854,0.28844527595884,0.0,0.009354536950420954,0.0009525644928379449,0.024084814468350483,0.84,-0.025959135745195976,202406,2024
20240607,0.00628090316150407,0.012281956601106267,-0.006001053439602198,0.4804642456008985,0.0,0.009359790340696368,0.021149915634397397,0.024098340197179585,0.72,-0.0031108296879656266,202406,2024
20240611,-0.007123096453678659,0.018384143696404634,-0.025507240150083293,0.3327340823970038,0.0,0.009363295880149813,0.0011590865330157725,0.024107365792759048,0.84,-0.014136464270629576,202406,2024
20240612,-0.006582017076612225,0.001017977788378215,-0.00759999486499044,0.4707749906402096,0.0,0.009359790340696368,0.0019544948017758764,0.024098340197179585,0.84,-0.04923207175425713,202406,2024
20240613,-0.015632698567717623,-0.014583890878598548,-0.0010488076891190749,0.5428603519281168,0.0,0.009359790340696368,0.007461900490950109,0.024098340197179585,0.86,-0.03640652829234857,202406,2024
20240614,-0.006185858386382903,-0.016281343219895918,0.010095484833513014,0.6096838166510757,0.0,0.009354536950420954,0.008322834466904839,0.024084814468350483,0.5,0.019381509152115287,202406,2024
20240617,-0.017297168818571754,-0.04717566606712623,0.02987849724855448,0.7657404980340761,0.0,0.009361542782250515,0.011417584976637179,0.024102852150034326,0.62,0.14314863841582223,202406,2024
20240618,-0.02810233711233529,-0.058952339416242616,0.030850002303907328,0.7253847594083506,0.0,0.009361542782250515,0.0305679097156653,0.024102852150034326,0.62,0.2629286530619389,202406,2024
20240619,-0.015318284310600973,-0.02927003303589263,0.013951748725291657,0.645926619243729,0.0,0.009359790340696368,0.01344627507867915,0.024098340197179585,0.6,0.20684009109548182,202406,2024
20240620,-0.03265123449082614,-0.028241107693568114,-0.004410126797258024,0.4760577103241521,0.0,0.00936855911560802,0.0009205938111805942,0.02408344263318968,0.98,0.09674405233810528,202406,2024
20240621,-0.037978915463937425,-0.02325765430002847,-0.014721261163908955,0.3797675290588676,0.0,0.009373828271466067,0.0,0.024096987876515437,0.6799999999999999,0.033871188930762366,202406,2024
20240624,0.039473149312976005,0.022159744571032328,0.017313404741943678,0.5971616047994001,0.02,0.009373828271466067,0.029123395891194958,0.024096987876515437,0.8200000000000001,0.057606616506153396,202406,2024
20240625,0.00827923936600384,0.022233795436730763,-0.013954556070726922,0.40103228228228227,0.02,0.009384384384384385,0.05810863807108809,0.02411161161161161,0.74,-0.12833791482540907,202406,2024
20240626,-0.03643164862398798,-0.013770238937058301,-0.02266140968692968,0.3712994562160135,0.0,0.009375585974123383,0.0009254971959793449,0.024101506344146508,0.64,-0.1711842260649363,202406,2024
20240627,-0.024373947886917886,-0.02147483272524795,-0.002899115161669935,0.500562640660165,0.0,0.009377344336084021,0.012179466027403758,0.024106026506626656,0.9,-0.038962915072378736,202406,2024
20240628,-0.012805470830472314,-0.01561894516055375,0.002813474330081436,0.5298031126945435,0.0,0.009375585974123383,0.007306192643731318,0.024101506344146508,0.6,-0.043314997974607056,202406,2024
20240701,-0.02912611085564768,-0.049759950617501734,0.020633839761854053,0.6820086271567892,0.0,0.009377344336084021,0.018620580622828967,0.024106026506626656,0.6599999999999999,-0.02186715556755407,202407,2024
20240702,-0.01855994012372721,-0.03316441400366683,0.014604473879939617,0.6264729045565347,0.0,0.009375585974123383,0.021258388151304812,0.024101506344146508,0.42000000000000004,0.16808420278860034,202407,2024
20240703,-0.022859205971479887,-0.03158075687850082,0.008721550907020936,0.5839445069366329,0.0,0.009373828271466067,0.011452770590768538,0.024096987876515437,0.56,0.22259494990057307,202407,2024
20240704,0.021002243766247833,0.024225227189295755,-0.003222983423047922,0.489746954076851,0.0,0.00937207122774133,0.005008586776657893,0.024092471102780382,0.96,0.07851471365083998,202407,2024
20240705,0.008928266111689042,0.011386930323968064,-0.0024586642122790218,0.5038406747891284,0.0,0.00937207122774133,0.0023890342337298752,0.024092471102780382,0.8200000000000001,0.0988227146333745,202407,2024
20240708,0.01446347903598544,0.024487926562519174,-0.010024447526533734,0.4588732658417698,0.0,0.009373828271466067,0.002300964542200669,0.024096987876515437,0.9,0.0960779257719521,202407,2024
20240709,0.007389837593965174,0.010413709902517694,-0.0030238723085525207,0.4868857677902622,0.0,0.009363295880149813,0.004033105083613601,0.024107365792759048,0.8,0.045976964384406446,202407,2024
20240710,0.005667726412479832,0.012357808131746117,-0.006690081719266285,0.4558303688447856,0.0,0.009361542782250515,0.01779312292473808,0.024102852150034326,0.8200000000000001,0.07080535558246649,202407,2024
20240711,0.001043761050751235,-0.02019911066117981,0.021242871711931045,0.6487769245176999,0.02,0.009365049634763064,0.019067119590663695,0.02407442092776425,1.0,0.13475713938568323,202407,2024
20240712,0.006507730356962154,-0.012784808459268689,0.019292538816230845,0.632650309046638,0.02,0.009365049634763064,0.017214780417204582,0.02407442092776425,0.43999999999999995,0.09103252501252448,202407,2024
20240715,-0.020258185990037016,0.0056532439378968,-0.025911429927933816,0.3453690520794305,0.02,0.009366804046459348,0.013668405018453907,0.024078930935431498,0.36,0.03835223284438889,202407,2024
20240716,-0.02790635861835571,-0.018331930866092513,-0.009574427752263196,0.5228143151583287,0.0,0.00936855911560802,0.0009305580074582984,0.02408344263318968,0.28,0.18366810530358582,202407,2024
20240717,-0.015855700656877296,-0.027736185930613635,0.011880485273736339,0.594058106841612,0.0,0.00937207122774133,0.02063197260364578,0.024092471102780382,0.5,0.2648832667228336,202407,2024
20240718,-0.03461808936356003,-0.019972972656048353,-0.014645116707511674,0.4678833895763029,0.0,0.009373828271466067,0.0026815170735323022,0.024096987876515437,0.52,0.22054218046146834,202407,2024
20240719,-0.02739808082729291,-0.010200168682400826,-0.017197912144892084,0.3983495873968492,0.0,0.009377344336084021,0.0009305580074582984,0.024106026506626656,0.28,0.27204503758840776,202407,2024
20240722,-0.011017462420731462,-0.013387906398858505,0.0023704439781270428,0.5614141035258815,0.0,0.009377344336084021,0.006838422953004782,0.024106026506626656,0.31999999999999995,0.2664167791227872,202407,2024
20240723,-0.007865713527828581,0.012318546646735335,-0.020184260174563914,0.3374756189047261,0.0,0.009377344336084021,0.0036840896511480935,0.024106026506626656,0.33999999999999997,0.17275067676536796,202407,2024
20240724,-0.008930362701655165,0.06227444114631125,-0.07120480384796642,0.10249812453113277,0.0,0.009377344336084021,0.0,0.024106026506626656,0.31999999999999995,0.03227405357325595,202407,2024
20240725,0.022425274817864604,0.057060698194948765,-0.03463542337708416,0.23844306884261865,0.0,0.009379103357719002,0.0,0.02411054836490965,0.92,-0.034313394365768975,202407,2024
20240726,0.0066224776781749276,0.026996099599642328,-0.0203736219214674,0.3417191601049868,0.0,0.009373828271466067,0.003261192067140637,0.024121984751906012,0.54,0.04424988798351904,202407,2024
20240729,-0.00890709426621691,0.0008163017148696754,-0.009723395981086586,0.44011250703168947,0.0,0.009375585974123383,0.0016305960335703184,0.024101506344146508,0.38,0.17533558870889912,202407,2024
20240730,0.0009321901937604604,0.013765887576458264,-0.012833697382697804,0.3993175853018373,0.0,0.009373828271466067,0.018554604284202192,0.024096987876515437,0.42000000000000004,0.08096274520644246,202407,2024
20240731,-0.03193753853074226,-0.018608050195742402,-0.013329488334999855,0.3935245594300713,0.0,0.009373828271466067,0.0012645661464866266,0.024096987876515437,0.5,0.13194193705064183,202407,2024
20240801,-0.01666014345152671,-0.020967610027532342,0.0043074665760056315,0.5230751921995125,0.0,0.009375585974123383,0.007609448156661485,0.024101506344146508,0.42000000000000004,0.28880672810685726,202408,2024
20240802,-0.011970636454306237,-0.015672896530909915,0.003702260076603679,0.55640607424072,0.0,0.009373828271466067,0.0,0.024084489438820147,0.30000000000000004,0.31885219508476725,202408,2024
20240805,0.021740137630920916,0.0028708943782802913,0.018869243252640625,0.6177067316707294,0.04,0.009375585974123383,0.048125269658605224,0.024101506344146508,0.30000000000000004,0.26463622181061436,202408,2024
20240806,0.007009594457635644,-0.009215600516684498,0.016225194974320144,0.6529934395501406,0.02,0.00937207122774133,0.02728512216065853,0.024092471102780382,0.30000000000000004,0.3277958097337589,202408,2024
20240807,0.007959820161129389,-0.014332189132857717,0.022292009293987107,0.702917916041979,0.02,0.009370314842578711,0.03226459348288967,0.024087956021989005,0.42000000000000004,0.33656406300530173,202408,2024
20240808,0.007920526428888493,-0.003910732286382798,0.01183125871527129,0.5990892053973014,0.02,0.009370314842578711,0.0372047425224506,0.024087956021989005,0.88,0.25659996690490033,202408,2024
20240809,0.014052834770676904,-0.0011734765284953503,0.015226311299172254,0.6237462518740629,0.0,0.009370314842578711,0.03480671849481254,0.024112943528235883,0.64,0.19116886340714936,202408,2024
20240812,0.005778323143761579,0.0012418031336447982,0.004536520010116781,0.5353879310344829,0.02,0.009370314842578711,0.02485922040707674,0.024087956021989005,0.64,0.2342713603060999,202408,2024
20240813,-0.012377887760990804,-0.021348520192859127,0.008970632431868323,0.6056090704647676,0.0,0.009370314842578711,0.020265530069646317,0.024087956021989005,0.6799999999999999,0.18923620035893468,202408,2024
20240814,-0.017491808759958555,-0.019349772901779718,0.0018579641418211626,0.5565917181937418,0.0,0.00936855911560802,0.010913469264076225,0.02408344263318968,0.64,0.1661522962022809,202408,2024
20240815,-0.028189143708982508,-0.042232530020002795,0.014043386311020287,0.6071862120644436,0.02,0.009366804046459348,0.03882774443148395,0.024078930935431498,0.78,0.1621307959679591,202408,2024
20240816,-0.03261415159115152,-0.0420910153236521,0.009476863732500583,0.5720981641064068,0.02,0.009366804046459348,0.018958119443166704,0.024078930935431498,0.62,0.1499928298050455,202408,2024
20240819,-0.004363918276069376,-0.027937979891348955,0.023574061615279578,0.6338448566610456,0.02,0.00936855911560802,0.04368081799206898,0.02408344263318968,0.5800000000000001,0.16076858356518242,202408,2024
20240820,0.0027113858333748884,-0.02556603522626881,0.028277421059643697,0.6604571000374672,0.0,0.009366804046459348,0.09711426820885896,0.024078930935431498,0.6799999999999999,0.1924627764202538,202408,2024
20240821,0.004865305272430001,-0.018334056138568488,0.023199361410998487,0.5911987263532495,0.02,0.009365049634763064,0.0723793756114343,0.02407442092776425,0.6799999999999999,0.2112402612514381,202408,2024
20240822,0.012279100995923638,0.010893787645718918,0.0013853133502047203,0.5281138790035587,0.0,0.009365049634763064,0.0030073080417929473,0.02407442092776425,0.6599999999999999,0.12555224017385697,202408,2024
20240823,0.041274333473787984,0.035171541481673244,0.006102791992114741,0.5439359310603222,0.02,0.009366804046459348,0.014898458900357016,0.024078930935431498,0.4,0.11959063379224197,202408,2024
20240826,0.010697634907117512,0.0074315707992861834,0.003266064107831329,0.4878014981273408,0.04,0.009363295880149813,0.0362179697070217,0.024107365792759048,0.48,0.05471542896738799,202408,2024
20240827,0.03398380287573145,0.031332392938701485,0.002651409937029968,0.4831354186177186,0.02,0.009365049634763064,0.020854140895640836,0.02407442092776425,0.38,-0.00666717708137751,202408,2024
20240828,0.008928826452974612,0.01943645537961035,-0.010507628926635737,0.3722607229818318,0.02,0.009365049634763064,0.020913339752310318,0.02407442092776425,0.43999999999999995,-0.0562077775849498,202408,2024
20240829,-0.0018146708207475593,0.0141266748129243,-0.01594134563367186,0.4199494287319723,0.0,0.009365049634763064,0.002024281954449637,0.02407442092776425,0.74,-0.0012857546753646907,202408,2024
20240830,-0.012184596258456115,-0.022951187302246347,0.010766591043790233,0.5887226072298183,0.0,0.009365049634763064,0.020815643106225513,0.02407442092776425,0.6799999999999999,0.13290648589562395,202408,2024
20240902,-0.013726629032801028,-0.009144502661096992,-0.004582126371704036,0.4767865842233464,0.0,0.00936855911560802,0.018554604284202192,0.02408344263318968,0.72,0.11958040823584579,202409,2024
20240903,-0.016000767366743232,-0.013393219106589197,-0.002607548260154035,0.4786062195578868,0.0,0.009366804046459348,0.006930495126809194,0.024078930935431498,0.56,0.1936521622575667,202409,2024
20240904,-0.0057284585006704145,-0.011110650561026414,0.005382192060356,0.567933683027351,0.0,0.009366804046459348,0.008608713344828782,0.024078930935431498,0.6,0.17968461066510918,202409,2024
20240905,-0.009172314393842956,-0.02232289905556881,0.013150584661725855,0.6527351067815662,0.0,0.009366804046459348,0.03661816405337219,0.024078930935431498,0.7,0.19686091759444804,202409,2024
20240906,0.013168963879899447,-0.015994203830529168,0.029163167710428615,0.7370176095916072,0.0,0.009366804046459348,0.05053049880785026,0.024078930935431498,0.7,0.24343852740484911,202409,2024
20240909,-0.012078740564530377,-0.02099172735856233,0.008912986794031954,0.5804966266866567,0.0,0.009370314842578711,0.017735592050391547,0.024087956021989005,0.6799999999999999,0.09154162763300465,202409,2024
20240910,0.003983047901281276,-0.004636697474862329,0.008619745376143604,0.5922694902548726,0.0,0.009370314842578711,0.04688658366489,0.024087956021989005,0.56,0.1632515664722534,202409,2024
20240911,0.009954577580184676,-0.0029482572580824926,0.012902834838267168,0.6242790262172285,0.0,0.009363295880149813,0.017072996003622196,0.024107365792759048,0.5800000000000001,0.17935831112524686,202409,2024
20240912,0.012619888014371744,0.0012314807912538494,0.011388407223117895,0.57162734082397,0.02,0.009363295880149813,0.046242708336679816,0.024107365792759048,0.6599999999999999,0.13100673964468998,202409,2024
20240913,0.04058646783618104,0.048370859754867455,-0.007784391918686413,0.5046620483055608,0.0,0.009361542782250515,0.009947511818285515,0.024102852150034326,0.56,0.04861977427896285,202409,2024
20240918,0.08366967798230808,0.06883868420727463,0.014830993775033455,0.6488813940415965,0.0,0.00936855911560802,0.01974503878362014,0.02408344263318968,0.52,0.14147900508597644,202409,2024
20240919,0.07977164053173831,0.08074954781055145,-0.0009779072788131393,0.5253781355297642,0.0,0.009359790340696368,0.007289621526186194,0.024098340197179585,0.64,-0.05643661554844299,202409,2024
20240920,0.14387332348282184,0.1403939473745385,0.003479376108283333,0.5379857731186821,0.0,0.009359790340696368,0.015789561971842562,0.024098340197179585,0.56,-0.09998903613324656,202409,2024
20240923,0.2398347408119372,0.270464255372446,-0.030629514560508803,0.40402957140183415,0.0,0.009358038555118848,0.006944275782359801,0.02409382993324599,0.78,-0.13893245078120614,202409,2024
20240924,0.2507500413880634,0.34070551443311714,-0.08995547304505375,0.3316373502994011,0.0,0.0093562874251497,0.0,0.024089321357285427,0.8,-0.242800186883613,202409,2024
20240925,0.13255939150317134,0.20186737299277802,-0.06930798148960668,0.3406134280905181,0.0,0.009351037965214139,0.0009205938111805942,0.024075805747771337,0.6599999999999999,-0.26030313853756887,202409,2024
20240926,0.11681364570766789,0.16046078049284834,-0.04364713478518045,0.3744876589379207,0.0,0.009349289454001496,0.00865355619611068,0.024071303914235856,0.74,-0.15827385803069707,202409,2024
20240927,0.01658350892782968,0.056564715214834665,-0.03998120628700498,0.34007666417352284,0.0,0.009349289454001496,0.0,0.024071303914235856,0.84,-0.13144536840020735,202409,2024
20240930,-0.04689693241325548,-0.021840342886052445,-0.025056589527203035,0.4030495790458372,0.0,0.009354536950420954,0.0,0.024084814468350483,0.78,-0.0605486297165432,202409,2024
20241008,-0.11508897800212622,-0.11447496757557658,-0.000614010426549641,0.5233476876989328,0.0,0.009361542782250515,0.0009205938111805942,0.024102852150034326,0.56,0.2758093633834213,202410,2024
20241009,-0.01862752217116952,-0.019088630126891964,0.0004611079557224444,0.5158584534731324,0.0,0.009361542782250515,0.0020464393835064915,0.024102852150034326,0.48,0.23334274704325617,202410,2024
20241010,-0.03340777697809405,-0.02151281824372778,-0.01189495873436627,0.4904061388732922,0.0,0.009358038555118848,0.0,0.02409382993324599,0.56,0.007094747843107399,202410,2024
20241011,0.02832329589942395,0.05689059527464741,-0.02856729937522346,0.4337724550898204,0.0,0.0093562874251497,0.0,0.024089321357285427,0.45999999999999996,-0.24528893295935023,202410,2024
20241014,0.24445511036239825,0.04921615395824836,0.1952389564041499,0.852909260991581,0.06,0.009354536950420954,0.13736473485073017,0.024084814468350483,1.0,-0.009897619575483522,202410,2024
20241015,0.21125970299252864,0.07174934136301477,0.13951036162951386,0.8303404414515525,0.08,0.00935278713056491,0.12341196674972547,0.02408030926549445,0.4,-0.023850576694912588,202410,2024
20241016,0.19474669676938355,0.0728529817915596,0.12189371497782395,0.7615143017386427,0.04,0.009347541596560104,0.10492819228332594,0.024066803763943417,0.45999999999999996,0.02485501810142231,202410,2024
20241017,0.10048893024058753,0.0757151641548202,0.024773766085767326,0.626022047832586,0.0,0.009342301943198805,0.019814719081990034,0.02411559541604385,0.6799999999999999,0.013044474842846444,202410,2024
20241018,0.06432548245882547,0.06048688299054902,0.0038385994682764504,0.6108428331153055,0.0,0.009344047841524948,0.003191119987615469,0.024120102161589736,0.76,0.10719636899486601,202410,2024
20241021,0.07851079648385285,0.06312053600601358,0.015390260477839271,0.6427378060175668,0.0,0.009344047841524948,0.002776491587938035,0.024120102161589736,0.84,0.2850262201022178,202410,2024
20241022,0.24806505637306295,0.03983439552087625,0.2082306608521867,0.8206373831775702,0.14,0.009345794392523364,0.2151908254875995,0.024124610591900315,0.88,0.14748806848790047,202410,2024
20241023,0.17098310913003043,0.035573579645448584,0.13540952948458185,0.7832391995511503,0.06,0.009351037965214139,0.12158162204419899,0.024075805747771337,0.62,0.049049674919375216,202410,2024
20241024,0.01027481677102266,0.047996747933545816,-0.037721931162523155,0.38453916619928963,0.0,0.009347541596560104,0.0,0.024066803763943417,0.92,-0.08094278173887325,202410,2024
20241025,0.0038629504076828926,-0.007958306392194126,0.01182125679987702,0.5841633950271078,0.0,0.009347541596560104,0.013391058204071328,0.024066803763943417,0.74,0.04610976754863522,202410,2024
20241028,-0.007026053554803731,-0.01132453432593134,0.004298480771127609,0.5439113355780022,0.0,0.00935278713056491,0.013586027229652685,0.02408030926549445,1.0,0.007892928353015716,202410,2024
20241029,0.03638249364949728,0.0371469960690049,-0.0007645024195076233,0.48883881824981307,0.0,0.009349289454001496,0.02259211763518044,0.024071303914235856,0.21999999999999997,0.0228495945936249,202410,2024
20241030,0.03943971714312028,0.04575789076883419,-0.0063181736257139146,0.5080564908342686,0.0,0.00935278713056491,0.016442386530564193,0.02408030926549445,0.28,0.07588598084259827,202410,2024
20241031,0.062326653305300385,0.05901673423707762,0.0033099190682227622,0.5437894933632454,0.0,0.009347541596560104,0.02147015423745165,0.024066803763943417,0.36,0.12847039475081795,202410,2024
20241101,0.0883387009680322,0.09608618045862999,-0.007747479490597786,0.4833052907085436,0.0,0.009347541596560104,0.017933238026392507,0.024066803763943417,0.33999999999999997,0.24145445049194972,202411,2024
20241104,0.08775173617936588,0.09402570197479718,-0.006273965795431297,0.4981644859813084,0.0,0.009345794392523364,0.016543747006584515,0.024124610591900315,0.24,0.1759930759591067,202411,2024
20241105,0.0795364994133555,0.04787419845385316,0.031662300959502336,0.6628881001307678,0.0,0.009340556697179151,0.040994822486456375,0.02411109035431845,0.52,0.2988104373902706,202411,2024
20241106,0.05724327282480535,0.040625761525205036,0.01661751129960031,0.6083190138214419,0.0,0.009338812103100485,0.02448208015469852,0.02410658697547005,0.5,0.3074231942139716,202411,2024
20241107,0.012750395410631441,-0.01357632576112825,0.02632672117175969,0.6540175569667539,0.02,0.009338812103100485,0.0775356752866202,0.02410658697547005,0.14,0.24206684551613444,202411,2024
20241108,0.006227395738134316,-0.03195532571563745,0.038182721453771766,0.7035810306198659,0.02,0.009335324869305451,0.05014392444816371,0.024097585262633805,0.24,0.3037702337095877,202411,2024
20241111,0.06076384226379416,-0.07343642101255674,0.1342002632763509,0.8925298953662183,0.14,0.009342301943198805,0.19637327249404263,0.02411559541604385,1.0,0.342246962141149,202411,2024
20241112,0.0012668683875403253,-0.04429026547580288,0.0455571338633432,0.5702746123668971,0.1,0.009340556697179151,0.1107796718086822,0.02411109035431845,0.30000000000000004,0.19972327601972614,202411,2024
20241113,0.07287437276463224,-0.024660348317178303,0.09753472108181055,0.7361012516345974,0.08,0.009340556697179151,0.13291745989638307,0.02411109035431845,0.21999999999999997,0.22927774915424484,202411,2024
20241114,0.1641768215143502,0.009101147050682892,0.15507567446366732,0.9194060515502427,0.12,0.009338812103100485,0.2604495862011707,0.02410658697547005,0.28,0.23520783425324432,202411,2024
20241115,0.13851285510864403,-0.008459739099742134,0.14697259420838615,0.8940802987861811,0.1,0.009337068160597572,0.23188951976806982,0.024102085278555868,0.19999999999999996,0.16304163574814975,202411,2024
20241118,0.13251288197435923,0.028495669262074398,0.10401721271228484,0.7405007473841555,0.1,0.009342301943198805,0.17932190879259338,0.02411559541604385,0.36,0.3071530877877247,202411,2024
20241119,0.14998685377426144,-0.004910427445124252,0.15489728121938567,0.8685751633986928,0.1,0.009337068160597572,0.2845480640864692,0.024102085278555868,0.26,0.23411704154091673,202411,2024
20241120,0.12511247378205576,-0.010990464349219091,0.13610293813127486,0.7628643403620078,0.18,0.009330098899048329,0.301453487955346,0.02408409529141009,0.26,0.16296504367906162,202411,2024
20241121,0.025048210762143377,-0.013402401868140254,0.03845061263028363,0.5908994215338683,0.08,0.009330098899048329,0.16391879404314497,0.02408409529141009,0.42000000000000004,0.17472842820022547,202411,2024
20241122,0.0806959115220016,0.0389192439471179,0.04177666757488371,0.6233557172169372,0.04,0.009326618168252192,0.08350311041518454,0.024112416837654665,0.42000000000000004,0.2542384806253421,202411,2024
20241125,0.12091781655407667,0.04838443745156798,0.07253337910250869,0.7834029850746269,0.04,0.009328358208955223,0.10254883742317718,0.024116915422885573,0.43999999999999995,0.19423687326133907,202411,2024
20241126,0.1597892718230536,0.061539286743354966,0.09824998507969865,0.8393396754336877,0.06,0.009326618168252192,0.1429718930244139,0.024112416837654665,0.52,0.20581239456092676,202411,2024
20241127,0.0872585685248221,0.028646436408104943,0.058612132116717154,0.779891791044776,0.02,0.009328358208955223,0.08505923588221073,0.024116915422885573,0.38,0.26872172642897524,202411,2024
20241128,0.08947801376461567,0.03977737379918032,0.049700639965435355,0.6727174318775663,0.02,0.00933184023889511,0.07918161597871093,0.024088590270001247,0.45999999999999996,0.22977183705285173,202411,2024
20241129,0.022393294837005646,0.03243370831848737,-0.01004041348148172,0.46538777032065615,0.0,0.009321401938851604,0.009101008427944373,0.02409893114591101,0.52,0.17723602448852882,202411,2024
20241202,-0.06665685202231121,0.005526395355657253,-0.07218324737796847,0.30444237224916076,0.0,0.009324878776575904,0.02468168354289794,0.024107919930374238,0.7,0.17664292353015149,202412,2024
20241203,-0.08016922809532617,0.010911893358127764,-0.09108112145345394,0.2423293547183887,0.0,0.009324878776575904,0.003143269044792159,0.024107919930374238,0.43999999999999995,0.08057919347990249,202412,2024
20241204,-0.07322849180221391,0.0383655712149473,-0.11159406301716121,0.19255874673629245,0.0,0.009324878776575904,0.013838088876457441,0.024107919930374238,0.36,0.10772807893787191,202412,2024
20241205,-0.07846043123528947,0.03506416013804401,-0.11352459137333348,0.13957882966828178,0.02,0.009317927692881103,0.022412065205540697,0.02408994906199528,0.4,0.1569475390387106,202412,2024
20241206,-0.0678704555471961,0.008736036674472248,-0.07660649222166835,0.15040268456375838,0.02,0.009321401938851604,0.02456689127024453,0.02409893114591101,0.38,0.08730538887816759,202412,2024
20241209,0.005740377508259735,0.006631870786125512,-0.0008914932778657765,0.42592316299888106,0.02,0.009324878776575904,0.036631871991218395,0.024107919930374238,0.36,0.16209117361478917,202412,2024
20241210,-0.06202175062940166,-0.036438478804721675,-0.02558327182467999,0.3336439888164026,0.0,0.009319664492078284,0.01421570000613352,0.02409443926685306,0.36,0.053526036751575586,202412,2024
20241211,-0.05552128012969516,-0.04368455071702368,-0.011836729412671478,0.4040011181513231,0.0,0.009317927692881103,0.015032924371181497,0.02408994906199528,0.38,-0.022481931469441697,202412,2024
20241212,-0.054248623656923255,-0.051958401238266776,-0.002290222418656479,0.4793478665921372,0.0,0.009316191540898081,0.011536464981535634,0.024085460530401843,0.48,-0.028237605134047574,202412,2024
20241213,-0.06796913296892314,-0.02569429536170978,-0.04227483760721336,0.23735370853522172,0.0,0.009317927692881103,0.0,0.02408994906199528,0.4,-0.01634225499297057,202412,2024
20241216,-0.09768868782859748,-0.058029417190635736,-0.03965927063796174,0.2852122905027933,0.0,0.00931098696461825,0.00551338012854008,0.024084419615145874,0.98,-0.09731422985917615,202412,2024
20241217,-0.07056300113176531,-0.014383500538563621,-0.05617950059320169,0.22102105459288243,0.0,0.009316191540898081,0.0,0.024085460530401843,0.56,-0.11066283194358556,202412,2024
20241218,-0.08329845375758639,-0.03866729510502004,-0.04463115865256635,0.27525796237660644,0.0,0.009312721177127958,0.0010533895209917988,0.024076488483268144,0.4,-0.16850710666295893,202412,2024
20241219,-0.05674186793243688,-0.02862159138269163,-0.02812027654974525,0.34055327868852464,0.0,0.009314456035767511,0.0042457457733626434,0.024080973671137606,0.5800000000000001,-0.21271356364029917,202412,2024
20241220,-0.07471123031793189,-0.03316433148867983,-0.04154689882925206,0.26102922017494884,0.0,0.009305788200260562,0.0,0.024070972144673988,0.54,-0.18130641837424974,202412,2024
20241223,-0.03813670519325641,-0.003760305528129882,-0.034376399665126525,0.3654570843418357,0.0,0.00930925339787749,0.003834312509691092,0.02407993545584311,0.86,0.024126279617162197,202412,2024
20241224,-0.02286595449023647,-0.03613580237695528,0.01326984788671881,0.6002215602308695,0.0,0.00930925339787749,0.02673005904365505,0.02407993545584311,0.7,0.1284752017224337,202412,2024
20241225,-0.02152256605560948,-0.033712495827893686,0.012189929772284207,0.6083345752608047,0.0,0.009314456035767511,0.018888234635647715,0.024080973671137606,0.6799999999999999,0.21366281597710754,202412,2024
20241226,-0.05513426016895062,-0.07787234069074125,0.022738080521790632,0.5942237527922561,0.04,0.009307520476545048,0.04943526572997061,0.024075452965996523,0.5800000000000001,0.21005472175555043,202412,2024
20241227,-0.08180173243591145,-0.08852236105632674,0.006720628620415295,0.5325567970204842,0.0,0.00931098696461825,0.028857368493920895,0.024084419615145874,0.6,0.10987703412726299,202412,2024
20241230,-0.04723874189993447,-0.058145144894899574,0.010906402994965106,0.5900260853363144,0.0,0.009316191540898081,0.011246289265671542,0.024085460530401843,1.0,0.15290525331428256,202412,2024
20241231,-0.03462041140549537,-0.036021716424524966,0.0014013050190295959,0.5636927374301676,0.0,0.00931098696461825,0.00155598405095595,0.024084419615145874,0.52,0.07192569036047812,202412,2024
20250102,-0.01905103541723821,-0.014559544586753253,-0.004491490830484958,0.5073924380704041,0.0,0.009312721177127958,0.00155598405095595,0.024076488483268144,0.48,0.04053498450189701,202501,2025
20250103,-0.013399279099947772,-0.007557178049181978,-0.005842101050765794,0.5002122114668652,0.0,0.009307520476545048,0.0,0.024075452965996523,0.36,0.020356306134424178,202501,2025
20250106,-0.005417887332009175,-0.0014301821231828872,-0.003987705208826288,0.48828087167070217,0.0,0.009312721177127958,0.006894544531299859,0.024076488483268144,0.43999999999999995,-0.02416192666383627,202501,2025
20250107,0.005467767723584063,0.0239133072509573,-0.018445539527373236,0.367470215934475,0.0,0.009307520476545048,0.0036503921861018814,0.024075452965996523,0.72,-0.11109719324850478,202501,2025
20250108,0.00810614206290181,0.02009627907224511,-0.0119901370093433,0.40194899478778856,0.0,0.009307520476545048,0.0019569906328868935,0.024075452965996523,0.38,-0.08720908877619962,202501,2025
20250109,0.018804630260617978,0.022381418946442952,-0.003576788685824974,0.47043178857249207,0.0,0.009305788200260562,0.0032585186272139233,0.024070972144673988,0.24,0.03660103433781981,202501,2025
20250110,0.043830723117845416,0.052282246268861784,-0.008451523151016369,0.4290601153917737,0.0,0.009305788200260562,0.002913718698510498,0.024070972144673988,0.21999999999999997,-0.10448729837283172,202501,2025
20250113,0.04673053803867574,0.06086921733334123,-0.014138679294665495,0.4163577144984181,0.0,0.009305788200260562,0.002976627356818561,0.024070972144673988,0.28,-0.11690954452100849,202501,2025
20250114,0.010424324542805506,0.010739848163140293,-0.00031552362033478686,0.5407849702380952,0.0,0.009300595238095238,0.0028823654211846735,0.02405753968253968,0.86,0.030679229173372763,202501,2025
20250115,0.0048672582790067675,0.0034749540560837264,0.0013923042229230412,0.4878672368910376,0.02,0.009297136481963555,0.023577328346493134,0.024048593033345732,0.5800000000000001,0.12155903960198755,202501,2025
20250116,0.00632341845190808,-0.0043781971803433,0.01070161563225138,0.5235998512458163,0.02,0.009297136481963555,0.021744983785237437,0.024048593033345732,0.5,0.15747636135641505,202501,2025
20250117,0.0053557725433516605,0.006744585798998454,-0.0013888132556467937,0.48586835254741545,0.0,0.009297136481963555,0.008584793033556633,0.024048593033345732,0.48,0.05028659729666587,202501,2025
20250120,-0.0034365389835861126,-0.013114720727258323,0.00967818174367221,0.5650901989957225,0.0,0.009298865538404314,0.011485969624255854,0.024053065526005828,0.62,0.20860632947294935,202501,2025
20250121,0.03895159807663323,-0.002107040261859479,0.04105863833849271,0.7723535973229224,0.02,0.009295408068414203,0.044764415236498614,0.024044122203631405,0.96,0.2755885015691293,202501,2025
20250122,0.06136123805459206,0.03328775914697533,0.02807347890761673,0.7382255667038276,0.0,0.00929022668153103,0.01084720071173683,0.02406788058961972,0.5,0.26180698692969917,202501,2025
20250123,0.06056291273508631,0.05026286277093051,0.010300049964155795,0.6565261006873492,0.0,0.009288500835965075,0.003385196439454526,0.02406340949904019,0.36,0.22391954350041982,202501,2025
20250124,0.06636949353423413,0.05825453716581647,0.008114956368417664,0.6271258598252463,0.0,0.009295408068414203,0.0,0.024044122203631405,0.4,0.28296451747607576,202501,2025
20250127,0.07122728529473873,0.06865358278911057,0.0025737025056281615,0.6051970260223049,0.0,0.00929368029739777,0.0,0.024076827757125156,0.5800000000000001,0.20859931643073445,202501,2025
20250205,0.05110857952761373,0.06899163705145113,-0.017883057523837398,0.4442567818654775,0.0,0.00929022668153103,0.02761781433541783,0.02406788058961972,0.8,-0.09939860454848927,202502,2025
20250206,0.04951217342843281,0.032906587335673185,0.016605586092759625,0.6176374442793462,0.0,0.009286775631500743,0.025769525206685236,0.024058940069341256,0.76,-0.010506690366342476,202502,2025
20250207,0.021743916530957925,0.02050161590874355,0.0012423006222143755,0.5557474466109563,0.0,0.009285051067780872,0.01410739225657585,0.02405447229959765,0.6799999999999999,-0.03236306578148747,202502,2025
20250210,0.013296988211933434,0.013859273919952377,-0.000562285708018943,0.5140159673226884,0.0,0.00928332714444857,0.027714825781890964,0.02405000618888476,0.8200000000000001,-0.07043642477153964,202502,2025
20250211,-0.011416712034035525,-0.008689326152389806,-0.002727385881645719,0.5153983286908078,0.0,0.009285051067780872,0.00850669823234867,0.02405447229959765,0.8200000000000001,0.06901278537613864,202502,2025
20250212,0.004744725522373867,0.002759089756176852,0.001985635766197015,0.5437678737233055,0.02,0.009285051067780872,0.01777213673874935,0.02405447229959765,0.96,0.005066231635174342,202502,2025
20250213,0.02442077121561733,0.02369150992346125,0.000729261292156079,0.5251763832157446,0.02,0.00928332714444857,0.01621960805500963,0.02405000618888476,0.42000000000000004,0.006621821698174653,202502,2025
20250214,0.021786988328800435,0.030669857418625032,-0.008882869089824597,0.4788839368616527,0.02,0.009285051067780872,0.014943305044917312,0.02405447229959765,0.31999999999999995,-0.0559978168918583,202502,2025
20250217,0.004275306745493082,0.02047020306277957,-0.01619489631728649,0.4270940805344219,0.0,0.009278159213212098,0.0032145150544482574,0.02403661780169481,0.5,-0.0538920695040566,202502,2025
20250218,0.020256284808650743,0.04135545282722435,-0.02109916801857361,0.4094209354120267,0.0,0.009279881217520415,0.002954804799128511,0.024041078940856223,0.5800000000000001,-0.08093568549703684,202502,2025
20250219,0.022511556949475174,0.033349940770519046,-0.010838383821043872,0.4594617668893837,0.0,0.009279881217520415,0.005741209945268956,0.024041078940856223,0.98,-0.1025390743253065,202502,2025
20250220,0.015317634568932257,0.023188335131141487,-0.00787070056220923,0.48666233525153146,0.0,0.009281603861147207,0.003074026540212879,0.024045541736278698,0.7,0.02848421083918614,202502,2025
20250221,0.009145549387677148,-0.017268746813550572,0.02641429620122772,0.6712917594654789,0.0,0.009279881217520415,0.019190082972025777,0.024041078940856223,0.92,0.3933633737291254,202502,2025
20250224,0.020121491412703564,-0.014035090830474871,0.034156582243178434,0.6887279480037141,0.02,0.009285051067780872,0.03383194677858961,0.02405447229959765,0.9,0.3191559064195877,202502,2025
20250225,0.018678386707680596,0.0037280662434021694,0.014950320464278428,0.6614620100315808,0.0,0.009288500835965075,0.004754021013621578,0.02406340949904019,0.8,0.3035545738741988,202502,2025
20250226,0.008259969397795022,-0.007555764675375433,0.015815734073170454,0.5682652303120357,0.02,0.009286775631500743,0.04227090407032196,0.024058940069341256,0.96,0.15148920696034066,202502,2025
20250227,0.008557381380380275,0.008202957964842295,0.0003544234155379803,0.5423522853957636,0.0,0.00929022668153103,0.012585131188620084,0.02406788058961972,0.6,0.17086647463013158,202502,2025
20250228,0.019957412478696656,0.03659642516050546,-0.016639012681808802,0.462656511239086,0.0,0.009288500835965075,0.004272509201320043,0.02406340949904019,0.6799999999999999,0.1412547412535051,202502,2025
20250303,0.02578427793659834,0.03674360089021734,-0.010959322953619,0.4697584092176176,0.0,0.00929195316855603,0.004048097801459525,0.02407235334200582,0.74,0.1706334559623204,202503,2025
20250304,0.016596620843709733,0.02702877061241783,-0.010432149768708095,0.48248374512353714,0.0,0.009288500835965075,0.004026591033050824,0.02406340949904019,0.5800000000000001,0.047685635241829,202503,2025
20250305,0.040339988767972026,0.028266324864706836,0.01207366390326519,0.597742474916388,0.02,0.00929022668153103,0.020865070090814467,0.02406788058961972,0.9,0.14401960672356576,202503,2025
20250306,0.04667542424086988,0.0017924799350233377,0.044882944305846544,0.7527379182156134,0.0,0.00929368029739777,0.04493103385401469,0.024076827757125156,0.84,0.28381250317553913,202503,2025
20250307,0.05772093798696632,0.023412237390504707,0.034308700596461614,0.7028191785913398,0.02,0.00929195316855603,0.045805766587000786,0.02407235334200582,0.78,0.29688066264098595,202503,2025
20250310,0.048227285828043504,0.023145197526779588,0.025082088301263916,0.6587585950566809,0.02,0.00929195316855603,0.03233502196117858,0.02407235334200582,0.74,0.2536363917868058,202503,2025
20250311,0.07145231568222378,0.02403047841886037,0.04742183726336341,0.725705794947994,0.02,0.009286775631500743,0.07708874485438372,0.024058940069341256,0.72,0.28630162754920846,202503,2025
20250312,0.02116879791119139,0.011150229033476336,0.010018568877715054,0.5615809028422812,0.0,0.009288500835965075,0.027271936660634995,0.02406340949904019,0.8200000000000001,0.18152957140052767,202503,2025
20250313,-0.017515251358422017,0.0193197320886152,-0.036834983447037214,0.32337604456824515,0.0,0.009285051067780872,0.0,0.02405447229959765,0.48,0.17965788837763663,202503,2025
20250314,-0.08948692736042237,-0.015505308639897342,-0.07398161872052503,0.22606128133704737,0.0,0.009285051067780872,0.00555724549644188,0.02405447229959765,0.43999999999999995,0.06395218151445102,202503,2025
20250317,-0.10407907046979645,-0.035929228308747535,-0.06814984216104891,0.19191299498047965,0.02,0.009295408068414203,0.016910281599645218,0.024044122203631405,0.52,-0.11663440529780204,202503,2025
20250318,-0.10960555202409177,-0.04338745383555182,-0.06621809818853994,0.18439658373561085,0.0,0.00928332714444857,0.0,0.02405000618888476,0.54,-0.06846218567068763,202503,2025
20250319,-0.02268087069898883,-0.027341655302366524,0.004660784603377693,0.5086367013372957,0.0,0.009286775631500743,0.030459917894473592,0.024058940069341256,0.36,-0.01896393457201259,202503,2025
20250320,0.05605238112736677,-0.029115037355562284,0.08516741848292905,0.8110285926476049,0.08,0.00928332714444857,0.1712545416327061,0.02405000618888476,0.42000000000000004,0.08451112743672899,202503,2025
20250321,0.022203439601932846,-0.026365365876916652,0.048568805478849494,0.7059847781696676,0.02,0.009281603861147207,0.06660654691937536,0.024045541736278698,0.4,0.04982691937641684,202503,2025
20250324,-0.0200311803651231,-0.02372695873634714,0.003695778371224038,0.47115484589676937,0.02,0.00928332714444857,0.027395667269406447,0.02405000618888476,0.38,0.13151974350950724,202503,2025
20250325,0.00797674384649956,-0.010344795213376926,0.018321539059876484,0.6345052905142009,0.02,0.009281603861147207,0.030553601888455947,0.024045541736278698,0.74,0.20445297281535812,202503,2025
20250326,-0.02012148690045155,-0.017136657924303238,-0.0029848289761483134,0.4944384629664006,0.0,0.009281603861147207,0.012989356232181892,0.024045541736278698,0.72,0.15879714928597155,202503,2025
20250327,-0.0052527828628057315,-0.01837266237495391,0.013119879512148179,0.6336537390981629,0.0,0.009278159213212098,0.009172195941375009,0.02403661780169481,0.74,0.16878874391581647,202503,2025
20250328,-0.12006010220821305,-0.12421697637228268,0.004156874164069638,0.5253906105028762,0.0,0.009278159213212098,0.007373726646942592,0.02403661780169481,0.5,0.027367624872261416,202503,2025
20250331,-0.07672148692525631,-0.10647879090580074,0.029757303980544436,0.6151836734693878,0.02,0.00927643784786642,0.04783385882780579,0.02404452690166976,0.7,0.14321127674677553,202503,2025
20250401,-0.043384309196650046,-0.09208513285753876,0.048700823660888716,0.6524782044147653,0.02,0.009274717121127806,0.06321146788916292,0.024040066777963272,0.7,0.05214304179276218,202504,2025
20250402,-0.017464260562391008,-0.06847880348779209,0.051014542925401085,0.6719506768032635,0.04,0.009271277582050807,0.060655985940922356,0.024031151492675693,0.72,0.2205537941376882,202504,2025
20250403,-0.0630381322527277,-0.057031631496511644,-0.006006500756216053,0.5068137982195846,0.0,0.009272997032640949,0.008978528768881314,0.024035608308605343,0.8,-0.016369613136303557,202504,2025
20250407,0.1158318599285473,0.09567318019016717,0.020158679738380134,0.5647402597402598,0.0,0.00927643784786642,0.02005462815045142,0.02404452690166976,0.76,-0.3015611758169829,202504,2025
20250408,0.09866126236664075,0.08693991192544806,0.011721350441192685,0.5692003710575139,0.0,0.00927643784786642,0.009051842055108153,0.02404452690166976,0.72,-0.03993131182960752,202504,2025
20250409,0.03848138154825478,0.04169451610059607,-0.00321313455234129,0.5036306323011311,0.0,0.009271277582050807,0.0020497743874802886,0.024031151492675693,0.72,0.04914431380443694,202504,2025
20250410,0.0178341162210758,0.019775318948917715,-0.0019412027278419147,0.5558130910439458,0.0,0.009271277582050807,0.0039690390664206526,0.024031151492675693,0.8,0.15533974227506764,202504,2025
20250411,0.03440823448283239,0.009981501142048805,0.02442673334078358,0.6828240311514928,0.02,0.009271277582050807,0.0466001189018601,0.024031151492675693,0.56,0.28150912571503334,202504,2025
20250414,0.011281352758362138,0.008578346503183747,0.0027030062551783914,0.558746290801187,0.0,0.009272997032640949,0.002913718698510498,0.024035608308605343,0.6799999999999999,0.15268654645873367,202504,2025
20250415,0.01659405307527041,0.009490225279599022,0.0071038277956713865,0.6048135781858653,0.0,0.009274717121127806,0.0042916029250712005,0.024040066777963272,0.62,0.23341970472724502,202504,2025
20250416,0.036322217930474854,0.0305650563208047,0.005757161609670155,0.567825764596849,0.0,0.009267840593141797,0.0010433311096757045,0.024022242817423545,0.5800000000000001,-0.007830825819650293,202504,2025
20250417,0.001480740397206828,0.014687844299847465,-0.013207103902640637,0.33787170930663707,0.02,0.009269558769002595,0.02989939269940769,0.024026696329254728,0.96,0.14320213461174455,202504,2025
20250418,-0.009425269442020781,0.01737002715234496,-0.02679529659436574,0.35332468014092344,0.0,0.009271277582050807,0.012266181156135328,0.024031151492675693,0.64,0.10851619717800215,202504,2025
20250421,-0.039093537367425685,-0.01416848145214369,-0.024925055915281994,0.36904505840904883,0.0,0.009271277582050807,0.020931367532292848,0.024031151492675693,0.6,0.14135309578033856,202504,2025
20250422,-0.02754302586010656,-0.006605538981838183,-0.02093748687826838,0.38869597477276935,0.0,0.009274717121127806,0.016322065476567775,0.024040066777963272,0.6599999999999999,0.1761756873862324,202504,2025
20250423,-0.026365850097640225,-0.0038651017616067483,-0.022500748336033476,0.3425533098460968,0.0,0.009271277582050807,0.005525744150783844,0.024031151492675693,0.52,0.12538131308599212,202504,2025
20250424,0.06838517341326843,0.033999586796832466,0.03438558661643596,0.6979310344827586,0.0,0.009269558769002595,0.014670955081778946,0.024026696329254728,0.5,0.24462508951560608,202504,2025
20250425,0.07955095403924897,0.039925762522682796,0.039625191516566176,0.7199406638234749,0.02,0.009271277582050807,0.05409116625606444,0.024031151492675693,0.52,0.24007140434725918,202504,2025
20250428,0.1572412918903097,0.06632531176890868,0.09091598012140101,0.810183775756451,0.06,0.009281603861147207,0.11096581399135666,0.024045541736278698,0.48,0.3179058402330082,202504,2025
20250429,0.1253259461436217,0.04634887032029674,0.07897707582332494,0.8256743144935647,0.04,0.009326618168252192,0.13039178298513499,0.024112416837654665,0.62,0.25175140887239955,202504,2025
20250430,0.12329933969603621,0.05131577278535445,0.07198356691068175,0.7537276119402985,0.04,0.009328358208955223,0.07120098911059941,0.024116915422885573,0.6,0.1923893656130233,202504,2025
20250506,0.03120346287251853,0.02027165222044271,0.01093181065207582,0.6030653546230968,0.0,0.00928332714444857,0.02453339158409418,0.02405000618888476,0.74,0.21802673149041574,202505,2025
20250507,0.02669142619573561,0.014775642339372435,0.011915783856363174,0.5879027468448403,0.02,0.009279881217520415,0.030019148711461576,0.024041078940856223,0.64,0.12734967370162104,202505,2025
20250508,0.011054515225728732,-0.0038374385675232574,0.01489195379325199,0.6405789571349045,0.0,0.009278159213212098,0.02237715180601202,0.02403661780169481,0.78,0.15639933071617124,202505,2025
20250509,0.017911492403878442,0.011117756558752925,0.006793735845125517,0.6165874930413806,0.0,0.009278159213212098,0.011728763150393597,0.02403661780169481,0.74,0.0821513958104564,202505,2025
20250512,0.02837822369700443,0.006465284834071906,0.021912938862932524,0.6875635553906106,0.0,0.009278159213212098,0.019093054629944997,0.02403661780169481,0.7,0.19499388971292683,202505,2025
20250513,0.037435939023153786,0.01952851346919693,0.017907425553956857,0.6758152476349472,0.0,0.009274717121127806,0.01625284491778587,0.024040066777963272,0.8,0.3177902579442065,202505,2025
20250514,0.03185531336508898,0.012670618275925048,0.019184695089163935,0.6902819514004822,0.0,0.009274717121127806,0.011086888742441804,0.024040066777963272,0.5800000000000001,0.3161479669448379,202505,2025
20250515,0.012635032194009911,0.006819219338607461,0.00581581285540245,0.6321543885693078,0.0,0.009278159213212098,0.005080763810143197,0.02404898868064576,0.72,0.15174894721285717,202505,2025
20250516,-0.002621643268496854,-0.008549390547951523,0.005927747279454669,0.6146011131725417,0.0,0.00927643784786642,0.0022830272639208908,0.02404452690166976,0.62,0.12957868229490002,202505,2025
20250519,-0.0064568639107485115,-0.007798886581500155,0.0013420226707516435,0.5563504733617969,0.0,0.009281603861147207,0.007003439126564673,0.024045541736278698,0.8200000000000001,0.12786351268355606,202505,2025
20250520,-0.011212650225524715,-0.015770762210753433,0.004558111985228718,0.4858483218987577,0.02,0.009271277582050807,0.0184512220809438,0.024031151492675693,0.84,0.11478392918448012,202505,2025
20250521,-0.024854389408497917,-0.01440604396466655,-0.010448345443831367,0.4666357394692893,0.0,0.009278159213212098,0.0,0.02403661780169481,0.6799999999999999,0.11746833657424297,202505,2025
20250522,0.036630326403511534,0.016125305551385163,0.020505020852126372,0.7125250649832902,0.0,0.00928332714444857,0.02876538880317602,0.02405000618888476,0.6799999999999999,0.2528804613448236,202505,2025
20250523,0.035433381247139246,0.013353857438896668,0.02207952380824258,0.6778730512249443,0.02,0.009279881217520415,0.025350788809436125,0.024041078940856223,0.6,0.24925619549745293,202505,2025
20250526,0.020027699359020476,0.011943443361517857,0.008084255997502619,0.6177437325905292,0.0,0.009285051067780872,0.005991444184825438,0.02405447229959765,0.56,0.17746442376248578,202505,2025
20250527,0.02866704866976663,0.019724293143318423,0.008942755526448208,0.6033909006499535,0.0,0.009285051067780872,0.010850986245989909,0.02405447229959765,0.6599999999999999,0.15499593027505584,202505,2025
20250528,0.04216905252177655,0.02644045338832691,0.01572859913344964,0.659933122793981,0.0,0.009288500835965075,0.011497681343642051,0.02406340949904019,0.45999999999999996,0.18047403506752357,202505,2025
20250529,0.018974489692110946,0.010161976438377875,0.00881251325373307,0.574292610471593,0.0,0.00928332714444857,0.011703847871073949,0.02405000618888476,0.43999999999999995,0.20112009725433855,202505,2025
20250530,0.0453668154784549,0.03656971038061177,0.008797105097843129,0.618452823179792,0.0,0.009286775631500743,0.015180586582007658,0.024058940069341256,0.45999999999999996,0.16426470067115392,202505,2025
20250603,0.019698077987280304,0.020356297915688364,-0.0006582199284080603,0.5171524163568773,0.0,0.00929368029739777,0.01463065432550369,0.024076827757125156,0.43999999999999995,0.18899107191702738,202506,2025
20250604,0.023955226252056948,0.016101440146216235,0.007853786105840713,0.6033141477905681,0.0,0.00928332714444857,0.019093752893611655,0.02405000618888476,0.56,0.20266066621718085,202506,2025
20250605,0.030416151496732206,0.015663739351093695,0.014752412145638511,0.6816035634743873,0.0,0.009279881217520415,0.009535855142194858,0.024041078940856223,0.56,0.16505525062004425,202506,2025
20250606,0.017724939732951576,-0.003154168925546054,0.020879108658497632,0.649456501576702,0.02,0.009274717121127806,0.03412501688970558,0.024040066777963272,0.5,0.01026401061208053,202506,2025
20250609,0.0022700639594048244,-0.007276304380336738,0.009546368339741563,0.5946296640059403,0.0,0.009281603861147207,0.020463195118330075,0.024045541736278698,0.52,0.05050123505318873,202506,2025
20250610,0.024019103017498253,-0.0010165304189012582,0.025035633436399512,0.6197534754402224,0.04,0.009267840593141797,0.048674390156984076,0.024022242817423545,0.52,0.13316600393126166,202506,2025
20250611,0.008397758940907636,-0.010248373490053992,0.01864613243096163,0.5411337532419415,0.04,0.009262689885142646,0.05579475781914515,0.02400889218228974,0.6,0.07003930136793533,202506,2025
20250612,-0.043853140697588514,-0.0295889270404518,-0.014264213657136714,0.3844423860689144,0.02,0.009262689885142646,0.02411748591592431,0.02400889218228974,0.6,0.06099379649533275,202506,2025
20250613,-0.04306597716675419,-0.019915374332478503,-0.02315060283427569,0.3153353093738422,0.0,0.009262689885142646,0.00978357620142191,0.02400889218228974,0.52,0.08391450769101524,202506,2025
20250616,-0.029536268653608734,-0.012645243248125063,-0.01689102540548367,0.3963777777777778,0.0,0.009259259259259259,0.0,0.024185185185185185,0.45999999999999996,0.1074706824447997,202506,2025
20250617,0.010579146367562518,0.0078069689973780205,0.0027721773701844974,0.5621698113207547,0.0,0.00924898261191269,0.0018937911446476148,0.024158342582315948,0.43999999999999995,0.23811460292705514,202506,2025
20250618,0.029501384327226588,0.021008350122263694,0.008493034204962894,0.5877783943766186,0.0,0.00924898261191269,0.011898906436244241,0.024158342582315948,0.6599999999999999,0.14774712755822675,202506,2025
20250619,0.05663212156566654,0.037353532100011265,0.019278589465655277,0.6585753931544867,0.0,0.009250693802035153,0.030576910038750037,0.02416281221091582,0.64,0.20842718796899704,202506,2025
20250620,0.05761254128663002,0.050259411452914377,0.007353129833715645,0.6203755086940437,0.0,0.00924898261191269,0.003000274155376961,0.024158342582315948,0.5800000000000001,0.20254176424484668,202506,2025
20250623,0.04396002613668758,0.04732483909808285,-0.0033648129613952707,0.5123143862247732,0.0,0.00925754489909276,0.0031163524332394046,0.02418070727643029,0.72,0.08656806240455131,202506,2025
20250624,0.031384418143905524,0.030517671336695598,0.0008667468072099255,0.5030464556727745,0.0,0.009254118082546734,0.009934775480035815,0.024171756431612068,0.6799999999999999,0.07371586994681147,202506,2025
20250625,0.035691199191521215,0.015985746874482856,0.01970545231703836,0.696637675795707,0.02,0.009252405625462621,0.020527643074948542,0.024167283493708367,0.88,0.2617489786280609,202506,2025
20250626,0.04456414560077651,0.024044542978997756,0.020519602621778755,0.68635472535602,0.02,0.009247272054743851,0.03935040094196573,0.024153874606990935,0.6599999999999999,0.2550401568562867,202506,2025
20250627,0.01375841861213053,0.009500698338063655,0.004257720274066875,0.5409533506108848,0.0,0.009255831173639394,0.024653514667023476,0.024176231025546092,0.56,0.18291815214834736,202506,2025
20250630,0.008507953353924756,0.0022041166538916334,0.006303836700033123,0.5795519348268838,0.0,0.00925754489909276,0.03848085865215269,0.02418070727643029,0.48,0.28634019474453165,202506,2025
20250701,0.019013036056088027,0.0104500473406037,0.008562988715484327,0.5926582747130693,0.02,0.009255831173639394,0.03454426596814026,0.024176231025546092,0.62,0.2116593301338811,202507,2025
20250702,0.013897755937891968,0.013302294419365434,0.0005954615185265345,0.5194852805036104,0.0,0.00925754489909276,0.016750884646554113,0.02418070727643029,0.62,0.13190750550967484,202507,2025
20250703,0.02019608903386926,0.01001768315315701,0.010178405880712248,0.6021384928716904,0.02,0.00925754489909276,0.02725456191371759,0.02418070727643029,0.52,0.14507548399163062,202507,2025
20250704,0.031988310392675606,0.023097498559921884,0.008890811832753722,0.6208439755691281,0.0,0.009254118082546734,0.008180242514873317,0.02412240113517182,0.5800000000000001,0.16095023734144256,202507,2025
20250707,0.03534014478898854,0.02232479103827586,0.013015353750712676,0.6521269900037023,0.0,0.009255831173639394,0.015741951635745682,0.024176231025546092,0.5800000000000001,0.20378209701069774,202507,2025
20250708,0.009267241301274235,0.002282616170558015,0.00698462513071622,0.5714275134234401,0.0,0.00925754489909276,0.0114948640134585,0.02418070727643029,0.6599999999999999,0.14920110002261383,202507,2025
20250709,0.014428103052423293,0.009770581477906689,0.004657521574516604,0.5599592818804369,0.0,0.009254118082546734,0.015494013058628742,0.024171756431612068,0.84,0.22088389070063028,202507,2025
20250710,0.013553962100233736,0.01609420463657682,-0.0025402425363430844,0.5177734591893393,0.0,0.009254118082546734,0.009045517484617634,0.024171756431612068,0.56,0.15601899822051463,202507,2025
20250711,0.01737733942838067,0.014113304804387312,0.0032640346239933577,0.5907138894026263,0.0,0.009247272054743851,0.002996891930111016,0.024153874606990935,0.56,0.11729200863340679,202507,2025
20250714,0.024804420287261188,0.022203415406926406,0.0026010048803347813,0.5628404885270171,0.0,0.009252405625462621,0.011545866156242228,0.024167283493708367,0.7,0.05437478004168079,202507,2025
20250715,0.030458802484204135,0.03454612441361249,-0.004087321929408354,0.5336799259944497,0.0,0.009250693802035153,0.00429496549395408,0.02416281221091582,0.7,0.1419503220888377,202507,2025
20250716,0.051866056015626515,0.021720921566885307,0.030145134448741208,0.6156225716928769,0.02,0.009250693802035153,0.03224862115656851,0.02416281221091582,0.64,0.12366839942672098,202507,2025
20250717,0.03179502817103054,0.025525385121671962,0.006269643049358578,0.6044514338575393,0.0,0.009250693802035153,0.008762045551376493,0.02416281221091582,0.62,0.18076751803219981,202507,2025
20250718,0.03557493591719989,0.024595611751425665,0.010979324165774223,0.6327239082161362,0.0,0.009252405625462621,0.012514657906566695,0.024167283493708367,0.6799999999999999,0.1793739234445463,202507,2025
20250721,0.022370653420740023,0.01581386015441973,0.006556793266320294,0.6150906735751295,0.0,0.009252405625462621,0.010379255352059566,0.024167283493708367,0.72,0.10075629701793827,202507,2025
20250722,0.024908174021900417,0.0148502872492955,0.010057886772604918,0.6185431321732691,0.0,0.009255831173639394,0.013932985428765901,0.024176231025546092,0.64,0.08495658839139711,202507,2025
20250723,0.029836209035966895,0.016790446448080303,0.013045762587886593,0.6347040325564188,0.02,0.00924898261191269,0.020382023397501264,0.024158342582315948,0.64,0.12674953750670792,202507,2025
20250724,-0.0020047548459368935,-0.00624962962514372,0.004244874779206827,0.6341128584643848,0.0,0.009250693802035153,0.003261192067140637,0.02416281221091582,0.56,0.1723120907162559,202507,2025
20250725,0.023409370379182705,-0.0034306343822072924,0.026840004761389997,0.6763029406325133,0.04,0.009247272054743851,0.05017999556493157,0.024153874606990935,0.72,0.15024893977521578,202507,2025
20250728,0.008253432177028295,0.0035472746100646754,0.004706157566963619,0.639066198224852,0.0,0.009245562130177515,0.0020176220298385103,0.02414940828402367,0.7,0.14406803845213872,202507,2025
20250729,0.022844454045708493,0.009543933868392654,0.013300520177315839,0.6992036215816704,0.0,0.009238728750923873,0.006391185396167749,0.02414387780241439,0.6,0.2588786285921785,202507,2025
20250730,0.04463746253100062,0.022981677963473352,0.02165578456752727,0.6992387287509239,0.02,0.009238728750923873,0.05856391745987973,0.02414387780241439,0.6799999999999999,0.20081435801778427,202507,2025
20250731,0.05166997035796463,0.03454339782492982,0.01712657253303481,0.6901941209095952,0.0,0.009243852837862821,0.006181028421001394,0.024144943612497693,0.64,0.16801778817406945,202507,2025
20250801,0.055788077574053234,0.02928968779389834,0.026498389780154893,0.6707393715341959,0.02,0.009242144177449169,0.03798939826761155,0.02415280345040049,0.8200000000000001,0.14337068275936315,202508,2025
20250804,0.0333152028314487,0.031903327744081944,0.0014118750873667527,0.6216386166081006,0.0,0.009247272054743851,0.0,0.024153874606990935,0.78,0.10873946977546464,202508,2025
20250805,0.01688159938119401,0.022837686387162708,-0.0059560870059686966,0.5214296282596633,0.0,0.009247272054743851,0.0014418190240560239,0.024153874606990935,0.8,0.08319490721731147,202508,2025
20250806,0.020172439628041213,0.02123399835521977,-0.0010615587271785576,0.5117548076923077,0.02,0.009245562130177515,0.01799734562202543,0.02414940828402367,0.74,0.06359059965617475,202508,2025
20250807,-0.01903547449168139,0.0026359991533405876,-0.021671473645021977,0.36880362426035496,0.0,0.009245562130177515,0.0,0.02414940828402367,0.6799999999999999,0.018252764889285268,202508,2025
20250808,-0.01726792579353407,0.02158228147644439,-0.03885020726997846,0.260626617375231,0.0,0.009242144177449169,0.0,0.02415280345040049,0.7,-0.075312041457388,202508,2025
20250811,-0.027876558235982885,0.02426075063139141,-0.05213730886737429,0.17699870633893922,0.0,0.009240436148586214,0.0,0.02414833980163864,0.62,-0.18782498850381982,202508,2025
20250812,-0.009887685261157707,0.029824813918768095,-0.0397124991799258,0.2443793867750277,0.0,0.009235315847801994,0.0,0.024134958748922547,0.6,-0.12651090859846154,202508,2025
20250813,0.0019191177913257952,0.030755862787803744,-0.02883674499647795,0.32193309924228425,0.0,0.009240436148586214,0.0,0.02414833980163864,0.5,-0.018186226961069574,202508,2025
20250814,0.04021249519588793,0.04593096536566008,-0.005718470169772151,0.4869776464067984,0.0,0.009237021984112323,0.004205935482027303,0.024139417451813538,0.48,0.12863011486204942,202508,2025
20250815,0.033106079072820795,0.03370176385448373,-0.0005956847816629349,0.47624538063562455,0.02,0.009238728750923873,0.023895598462528603,0.02414387780241439,0.45999999999999996,0.10781037604095428,202508,2025
20250818,0.018975733466085557,0.0270427328153139,-0.008066999349228342,0.42282624768946403,0.0,0.009242144177449169,0.014067273125129912,0.02415280345040049,0.5800000000000001,0.060955857186200474,202508,2025
20250819,0.011701075993044777,0.023947878854606735,-0.012246802861561958,0.4213615370404582,0.0,0.009237021984112323,0.0011130549532193767,0.024139417451813538,0.52,0.11179565842680843,202508,2025
20250820,-0.02546742221794832,-0.007857184651750572,-0.01761023756619775,0.3783108482720385,0.0,0.009240436148586214,0.005022428587412451,0.02414833980163864,0.88,0.019352837854669905,202508,2025
20250821,-0.014901179322257213,0.002069998299784676,-0.016971177622041887,0.4263723679349834,0.0,0.009235315847801994,0.003788346006698474,0.024134958748922547,0.72,-0.17023676338727106,202508,2025
20250822,-0.03042449225181649,-0.006468987658347158,-0.02395550459346933,0.36312834718374887,0.0,0.009233610341643583,0.0047870131778607865,0.024130501692828564,0.74,-0.15456242527159297,202508,2025
20250825,-0.029281374861492192,-0.007292244647872132,-0.02198913021362006,0.38491228070175443,0.0,0.009233610341643583,0.005809784315542316,0.024130501692828564,0.7,-0.06425843822602159,202508,2025
20250826,-0.030057503845539495,-0.024375762484870757,-0.0056817413606687385,0.4594848596750369,0.02,0.009231905465288036,0.022533153466270817,0.0241260462826194,0.8,-0.05204049763210204,202508,2025
20250827,-0.021692271542273725,-0.019268321370342643,-0.0024239501719310816,0.5302159867085102,0.0,0.009230201218386561,0.00958914573422363,0.024121592517383546,0.92,0.05014371289980875,202508,2025
20250828,-0.014458981409241034,-0.03243273643971621,0.01797375503047518,0.6238785305519661,0.0,0.009230201218386561,0.01037610585361067,0.024121592517383546,0.62,0.3032042649723046,202508,2025
20250829,0.010349740488095617,-0.006971887414437811,0.01732162790253343,0.634802364240857,0.0,0.009235315847801994,0.013071770075707267,0.024134958748922547,0.6799999999999999,0.2120479417760784,202508,2025
20250901,-0.0007341808242677295,-0.004101195065636381,0.0033670142413686514,0.5645714813446621,0.0,0.009235315847801994,0.0,0.024134958748922547,0.7,0.2169985576122623,202509,2025
20250902,0.02023843409253555,0.0006495262573251362,0.019588907835210414,0.6763305632502308,0.0,0.009233610341643583,0.005340100753367812,0.024130501692828564,0.64,0.19768637801241726,202509,2025
20250903,0.03332308041003748,0.020851854853620143,0.012471225556417338,0.6207365700572273,0.0,0.009230201218386561,0.005693719303105028,0.024121592517383546,0.86,0.20188737192353234,202509,2025
20250904,0.03860392236751079,0.04405859177873505,-0.005454669411224258,0.4486613737075333,0.0,0.009231905465288036,0.015810035429796563,0.0241260462826194,0.5,-0.05327584752395343,202509,2025
20250905,0.021458620484122302,0.01827093584093847,0.0031876846431838322,0.5390492892745062,0.02,0.009230201218386561,0.017805862817527926,0.024133899452341394,0.33999999999999997,0.05658231187063069,202509,2025
20250908,-0.003986379744842996,0.004874544047067489,-0.008860923791910485,0.498900166082303,0.0,0.009226794611551946,0.0,0.024112689918189087,0.48,0.035557401963028895,202509,2025
20250909,0.00847788696053283,0.02606927700839539,-0.01759139004786256,0.4207988929889299,0.0,0.00922509225092251,0.0,0.024145141451414512,0.5,-0.050286396609644055,202509,2025
20250910,0.0027887953407388076,0.028507923796358386,-0.025719128455619578,0.3544798967170786,0.0,0.009221689413500553,0.0,0.024136235091602114,0.98,-0.1221007047272124,202509,2025
20250911,-0.008408742119103507,-0.0002668405662173261,-0.008141901552886181,0.48352517985611515,0.0,0.009223390518354546,0.006945463832576642,0.02414068745003997,0.5,-0.09687355940320785,202509,2025
20250912,-0.01622200838789871,-0.005111870723455314,-0.011110137664443395,0.44617441002949854,0.0,0.009218289085545723,0.005875070228084083,0.02412733529990167,0.38,-0.0054403738095677775,202509,2025
20250915,-0.03603663929857736,-0.003598857028845272,-0.03243778226973209,0.30861490225009225,0.0,0.009221689413500553,0.0,0.024136235091602114,0.45999999999999996,-0.08050807883569303,202509,2025
20250916,-0.05806374143868645,-0.026492752219798577,-0.031570989218887874,0.3073957949096274,0.0,0.009221689413500553,0.0019238040590081108,0.024136235091602114,0.38,-0.02595863333293734,202509,2025
20250917,-0.02404089938236896,-0.015041738935450202,-0.008999160446918758,0.4738553772366722,0.0,0.009223390518354546,0.00426893056168468,0.02414068745003997,0.94,-0.015326045911009488,202509,2025
20250918,-0.014063736843940782,-0.007730953596678714,-0.006332783247262068,0.49940221402214013,0.0,0.00922509225092251,0.0011959632415406785,0.024145141451414512,0.62,0.033164464172052474,202509,2025
20250919,-0.00582164788925916,-0.011064706435683495,0.005243058546424335,0.5957893766137957,0.0,0.009221689413500553,0.001396825114790355,0.024136235091602114,0.62,0.10206910056272057,202509,2025
20250922,0.005164445041549333,-0.002702032095736413,0.007866477137285745,0.612660143991139,0.0,0.009230201218386561,0.0033820563199290434,0.024121592517383546,0.56,0.1715629125083986,202509,2025
20250923,0.020695223377846874,0.014634947406959588,0.006060275970887286,0.570372487553015,0.0,0.009219988936013277,0.008036096452362036,0.024131784375192082,0.76,0.18242608914616523,202509,2025
20250924,0.04249124652421919,0.006333757138459033,0.03615748938576016,0.5810994281497878,0.04,0.009223390518354546,0.10644165187069383,0.02414068745003997,1.0,0.09189670204533569,202509,2025
20250925,-0.03712598140540579,0.008870477734816005,-0.045996459140221796,0.29560000000000003,0.0,0.009216589861751152,0.010553049685638582,0.024122887864823347,0.64,0.12119548671592954,202509,2025
20250926,-0.01497928106196753,0.014213481543961442,-0.02919276260592897,0.3488626728110599,0.0,0.009216589861751152,0.0019128029301201145,0.024122887864823347,0.6799999999999999,-0.007893334231617947,202509,2025
20250929,-0.06434038851909796,-0.005189437911373029,-0.05915095060772493,0.2506661745709541,0.0,0.009226794611551946,0.011096560480564963,0.024112689918189087,0.5,-0.015070683714927192,202509,2025
20250930,-0.04405918288208805,0.00411010395118452,-0.04816928683327257,0.2633345628919218,0.0,0.009221689413500553,0.005155256858318438,0.024136235091602114,0.62,0.03924291018629494,202509,2025
20251009,-0.05731581266925533,-0.013184681583772567,-0.044131131085482764,0.27840531561461795,0.0,0.009228497600590625,0.016835657688985962,0.024117140396210164,0.45999999999999996,-0.032021919106894864,202510,2025
20251010,-0.07546200000352861,-0.032586801721859314,-0.042875198281669295,0.2745692676627928,0.0,0.009223390518354546,0.006667951449865614,0.02414068745003997,0.5,-0.09923363672425826,202510,2025
20251013,-0.04710164084807615,-0.017297851526688997,-0.029803789321387154,0.3249456020652775,0.0,0.009219988936013277,0.004293799711896665,0.024131784375192082,0.52,0.008425463710405359,202510,2025
20251014,0.027437311615509982,0.010508633965364075,0.016928677650145905,0.5491666666666667,0.02,0.009218289085545723,0.055275753936379214,0.02412733529990167,0.43999999999999995,0.05167457047455112,202510,2025
20251015,-0.008447237228691307,-0.004517219189687124,-0.003930018039004183,0.4456489675516224,0.02,0.009218289085545723,0.028240733472656918,0.02412733529990167,0.38,-0.01531873604951427,202510,2025
20251016,-0.007901650673390593,0.007109746054548889,-0.015011396727939483,0.39665622697126013,0.0,0.009211495946941784,0.00877279240613771,0.02410955539179563,0.86,0.21301783666762417,202510,2025
20251017,0.03633320007395352,0.03704505231721865,-0.0007118522432651292,0.49925243969802985,0.0,0.009206407659731172,0.015089908947538543,0.024108512858282697,0.6,0.06524862071384507,202510,2025
20251020,0.034748981502416246,0.03202549455838104,0.0027234869440352083,0.528184162062615,0.0,0.009208103130755065,0.014776995238277453,0.02411295273173726,0.5800000000000001,0.025469478259551846,202510,2025
20251021,0.019807162088938488,0.01481338117310737,0.004993780915831119,0.5140946767360471,0.0,0.009209799226376865,0.019511385594535826,0.024105114508503715,0.56,0.08391628406782281,202510,2025
20251022,0.036456423324748626,0.021692830828758527,0.014763592495990099,0.5966992079572665,0.0,0.009209799226376865,0.015823807030826954,0.024105114508503715,0.5800000000000001,0.010788014634058096,202510,2025
20251023,-0.0037526372032138,0.008946815273053592,-0.012699452476267392,0.44094641870742035,0.0,0.009206407659731172,0.0009357851283625337,0.024108512858282697,1.0,-0.07909239950639964,202510,2025
20251024,0.006220708589927797,0.010709891287995607,-0.004489182698067811,0.5055209867452135,0.0,0.009204712812960236,0.0009112270012302604,0.024104074619538538,0.6599999999999999,0.01694617372171194,202510,2025
20251027,0.0034178339438283435,0.010666423307985652,-0.007248589364157308,0.47172712207696565,0.0,0.009206407659731172,0.003907446589173827,0.024108512858282697,0.7,0.07852952140419882,202510,2025
20251028,0.014138001556353957,0.003031782207485868,0.011106219348868088,0.5617470544918998,0.02,0.009204712812960236,0.01772937619317676,0.024104074619538538,0.62,0.13946969285186903,202510,2025
20251029,0.01941621497560434,0.004850019362118971,0.01456619561348537,0.6078976435935199,0.0,0.009204712812960236,0.00604107748687497,0.024104074619538538,0.76,0.194198266369697,202510,2025
20251030,0.043988365404288486,0.0199024996795319,0.024085865724756586,0.7082931320198859,0.0,0.009206407659731172,0.01001093089048603,0.024108512858282697,0.9,0.22989264586507643,202510,2025
20251031,0.027830624552169253,0.009913751160909525,0.017916873391259726,0.6826877761413844,0.0,0.009204712812960236,0.005267922687492214,0.024104074619538538,0.62,0.1993414598244141,202510,2025
20251103,0.02495509435071787,0.009173072006512713,0.015782022344205157,0.6557655502392344,0.0,0.009201324990798674,0.009804527518244332,0.024095203042571463,0.6799999999999999,0.19985750837743535,202511,2025
20251104,0.023447239418617163,0.019387378826816175,0.004059860591800989,0.5884502116694276,0.0,0.009203018590097553,0.0013230130221402174,0.024099638014602125,0.62,0.16533125935048337,202511,2025
20251105,0.019116899824626582,0.007500566287156925,0.011616333537469657,0.6100662617338487,0.0,0.009203018590097553,0.00950661787360526,0.024099638014602125,0.5800000000000001,0.18822032772900332,202511,2025
20251106,0.009810393319883435,0.014713462864966213,-0.004903069545082779,0.4880802503221057,0.0,0.009203018590097553,0.007609448156661485,0.024099638014602125,1.0,0.10350838723895114,202511,2025
20251107,0.012161042435487266,0.01154408443847479,0.0006169579970124756,0.5220091996320148,0.0,0.00919963201471941,0.01940996288463119,0.024090769702545232,0.56,0.13788781120828417,202511,2025
20251110,-0.0010856477083268689,0.00666613771221205,-0.0077517854205389185,0.4470136079440971,0.0,0.009194556822361161,0.009352458595699536,0.024077479465489764,0.5,0.09305184338468814,202511,2025
20251111,-0.011748027747901922,-0.0074292549315209755,-0.004318772816380947,0.42293804008089725,0.0,0.009192866335723478,0.03270242848509933,0.024073052644481216,0.38,0.19838927961629652,202511,2025
20251112,-0.026601253580194332,-0.014610955076951001,-0.01199029850324333,0.4309318140047786,0.0,0.009189487226612754,0.0073892635161640395,0.024100961832996388,0.7,0.1459670353555583,202511,2025
20251113,-0.024064982352145013,-0.03304100648702372,0.008976024134878705,0.5991599264705882,0.0,0.009191176470588236,0.0076470759665186,0.02410539215686274,0.86,0.27087885984897336,202511,2025
20251114,-0.08249802741586572,-0.06475914869706142,-0.017738878718804293,0.40239794041927185,0.0,0.009194556822361161,0.0,0.024077479465489764,0.6599999999999999,0.19230787728063328,202511,2025
20251117,-0.060365564318006396,-0.05282421681583103,-0.007541347502175368,0.4324443627000184,0.02,0.009196247930844215,0.014471722709210601,0.024081907914904048,0.62,0.13432345537953272,202511,2025
20251118,-0.04699277440376384,-0.029442427239295535,-0.017550347164468308,0.3880680147058823,0.0,0.009191176470588236,0.0,0.02410539215686274,0.5800000000000001,0.054221721045745484,202511,2025
20251119,-0.03357430567402223,-0.021399408167186617,-0.012174897506835616,0.4063101800808526,0.0,0.009187798603454611,0.006945463832576642,0.024096533137326962,0.5800000000000001,0.03172044532418451,202511,2025
20251120,-0.010539307864186614,-0.011615314639558085,0.001076006775371471,0.501020033082154,0.02,0.009189487226612754,0.018514450481073627,0.024100961832996388,0.64,0.001942382564969255,202511,2025
20251121,0.049315486299963726,0.03859817869274773,0.010717307607215995,0.6459643644379132,0.0,0.009184423218221896,0.004541332047518492,0.024087680626989964,0.6799999999999999,0.04070484809589618,202511,2025
20251124,0.027177752175095545,0.031133594513745668,-0.003955842338650123,0.5161158088235294,0.0,0.009191176470588236,0.0025170188413923492,0.024080882352941178,0.7,0.01464582553162329,202511,2025
20251125,0.01850891719811734,0.011632944561645367,0.006875972636471975,0.5784663479220302,0.0,0.009194556822361161,0.01125983039667298,0.024077479465489764,0.8200000000000001,0.10890203836707583,202511,2025
20251126,0.010981833624909159,0.007497566167432001,0.003484267457477158,0.5502171512697828,0.0,0.009201324990798674,0.011493262490254822,0.024095203042571463,0.64,0.1979685487437526,202511,2025
20251127,-0.006836113812601147,-0.003140167148614578,-0.0036959466639865696,0.48810452705189555,0.0,0.009201324990798674,0.008822336775859892,0.024095203042571463,0.88,0.1069558258059147,202511,2025
20251128,0.0002619135783327486,-0.0006088390174628185,0.0008707525957955672,0.5300607399226946,0.0,0.009203018590097553,0.00490348109223206,0.024099638014602125,0.84,0.07208241489311429,202511,2025
20251201,-0.0028312580811679956,0.0016111255333066939,-0.004442383614474689,0.4634959499263623,0.0,0.009204712812960236,0.022285931412930178,0.024104074619538538,0.76,-0.02304354095642625,202512,2025
20251202,-0.010685292648151837,-4.8471802693703156e-05,-0.010636820845458134,0.4321376011773363,0.0,0.00919793966151582,0.012869224756330202,0.02408633799362276,0.6,-0.07732836602491802,202512,2025
20251203,-0.005330854184502563,0.008589958795599961,-0.013920812980102525,0.41520396912899665,0.0,0.009187798603454611,0.006501989183995937,0.024096533137326962,0.7,-0.15325566661952525,202512,2025
20251204,-0.013543726219067022,0.0030039569665576598,-0.016547683185624683,0.39427022058823524,0.0,0.009191176470588236,0.00837174269078475,0.02410539215686274,0.84,-0.18433417502603933,202512,2025
20251205,-0.04493723351036435,-0.007956251271105153,-0.03698098223925919,0.28739610150790734,0.0,0.009194556822361161,0.0,0.024077479465489764,0.7,-0.2663036307256078,202512,2025
20251208,-0.03550810382087869,-0.01899963803652669,-0.016508465784352,0.40101286764705885,0.0,0.009191176470588236,0.0033820563199290434,0.02410539215686274,0.7,-0.11088090374854365,202512,2025
20251209,-0.03897233202204329,-0.02631437733675633,-0.012657954685286958,0.4340709428413895,0.0,0.009189487226612754,0.00258443356703361,0.024100961832996388,0.56,-0.0517744290740702,202512,2025
20251210,-0.024391184774169433,-0.020256701242888853,-0.00413448353128058,0.47819418904008837,0.0,0.009194556822361161,0.006709929535235937,0.024077479465489764,0.6799999999999999,-0.07474114234261645,202512,2025
20251211,-0.0062429094763928215,-0.00466876200196069,-0.0015741474744321313,0.5165325248070561,0.0,0.009187798603454611,0.00408738576494281,0.024096533137326962,0.94,0.09669531485562775,202512,2025
20251212,0.006734183851263409,0.0069244427162652965,-0.0001902588650018874,0.5448714180749449,0.0,0.009184423218221896,0.004482413041108139,0.024087680626989964,0.54,0.2105485370733514,202512,2025
20251215,0.013531055241958596,0.015205022556411112,-0.0016739673144525163,0.5058405291199706,0.0,0.009186110600771633,0.003741273101885408,0.02409210606895707,0.54,0.11366357139461303,202512,2025
20251216,0.024621688776585153,0.02456986584802841,5.182292855674189e-05,0.5410468319559228,0.0,0.009182736455463728,0.0019627784816860375,0.02408325681052954,0.56,0.14304670111990425,202512,2025
20251217,0.02630384598636903,0.029473911651865605,-0.003170065665496574,0.5113404333455747,0.0,0.00918105031215571,0.004283903185386287,0.024078834618680378,0.45999999999999996,0.07478841831771282,202512,2025
20251218,0.030603297436991982,0.03704164469317774,-0.006438347256185761,0.5086180950633143,0.0,0.009175995595522114,0.0,0.024065577781856,0.98,-0.07500048179807708,202512,2025
20251219,0.018504368116141447,0.02227801523682502,-0.0037736471206835723,0.5351376651982378,0.0,0.009177679882525698,0.002256775265426147,0.024069995105237395,0.30000000000000004,-0.022151268259235708,202512,2025
20251222,0.006856259072758255,0.013309757934093412,-0.006453498861335157,0.5114842027920646,0.0,0.009184423218221896,0.0033820563199290434,0.024087680626989964,0.30000000000000004,0.015175552503705057,202512,2025
20251223,0.011261096637595912,0.017096110649000434,-0.005835014011404523,0.5224486049926578,0.0,0.009177679882525698,0.005806741526641996,0.024069995105237395,0.5,0.06320152627103762,202512,2025
20251224,0.0035659972773422455,0.006200407160874878,-0.002634409883532633,0.5304917431192662,0.0,0.009174311926605505,0.00925288182029975,0.024122324159021408,0.45999999999999996,0.11652444737793188,202512,2025
20251225,0.02355937692252708,0.01276705306089547,0.01079232386163161,0.6132978723404255,0.0,0.009170946441672781,0.012941288628159929,0.024113475177304965,0.78,0.08892460884171877,202512,2025
20251226,0.04698323575763718,0.026768436687835698,0.020214799069801483,0.649176297926986,0.02,0.0091726288754357,0.027228250225534812,0.024117898856478935,0.62,0.10802452386742185,202512,2025
20251229,0.028778744042392276,0.031187003338361254,-0.002408259295968978,0.5634146341463414,0.0,0.009169264624977077,0.0,0.024109053120606395,0.62,0.012688030457918557,202512,2025
20251230,0.04075626148880472,0.04496429321450892,-0.004208031725704199,0.5673533724340176,0.0,0.009164222873900294,0.0010433311096757045,0.024095796676441836,0.52,0.02419281784550996,202512,2025
20251231,0.055099471177447866,0.057887486063258345,-0.002788014885810479,0.54514934945941,0.0,0.00916254352208173,0.0018270666258174235,0.024091381100726894,0.6,-0.08109048056329847,202512,2025
