expression_text,fitness,direction,peak_month,nodes,depth,category,duplicate_corr,manual_duplicate_corr,manual_duplicate_factor,selected,reject_reason,factor_name
mean_5(ret_1d_rank),0.035039522979657456,1,201505,2,1,trend,0.0,0.9270700323908752,ret_5d_rank,False,manual_factor_duplicate,
"sub(risk_adj_20_60_rank, volume_z_20d_rank)",0.03353983112862551,1,202107,3,1,trend,0.0,0.5753967130301776,risk_adj_20_60_rank,True,,sector_factor_01
ts_rank_20(risk_adj_10_20_rank),0.03317043091982122,1,201505,2,1,trend,0.21705301728920992,0.6915868977762398,risk_adj_10_20_rank,True,,sector_factor_02
ts_rank_20(risk_adj_20_60_rank),0.03229611605141003,1,201505,2,1,trend,0.5482305082809041,0.5631839891084571,risk_adj_10_20_rank,True,,sector_factor_03
delta_5(risk_adj_20_60_rank),0.032191161331278896,1,201505,2,1,trend,0.7566518430519666,0.6029782580739338,risk_adj_5_20_rank,True,,sector_factor_04
"sub(ret_10d_rank, ma_gap_10_60_rank)",0.03186901155041069,1,201904,3,1,breakout,0.7334813145228312,0.5508875752573663,ma_gap_10_60_rank,True,,sector_factor_05
"add(max(abs(volatility_20d_rank), volatility_10d_rank), signed_sqrt(zscore_20(close_pos_20d_rank)))",0.03159935223795718,1,201505,8,3,volatility,0.6289768809645364,0.6747534521909869,close_pos_20d_rank,False,peak_month_limit,
slope_5(risk_adj_20_60_rank),0.03154416460056131,1,201505,2,1,trend,0.849432486498622,0.5317248817311153,risk_adj_5_20_rank,False,peak_month_limit,
"add(risk_adj_5_20_rank, volatility_10d_rank)",0.03151404902923576,1,201505,3,1,volatility,0.3930801566743394,0.7134044469107238,volatility_10d_rank,False,peak_month_limit,
"add(std_20(volatility_20d_rank), signed_sqrt(ma_gap_10_60_rank))",0.031207365435018373,-1,201802,5,2,volatility,0.5335716564870296,0.9730423881520941,ma_gap_10_60_rank,False,manual_factor_duplicate,
"add(abs(volatility_10d_rank), ts_rank_20(close_pos_20d_rank))",0.03106732159692723,1,201505,5,2,volatility,0.49634680802989006,0.5070784919805319,close_pos_20d_rank,False,peak_month_limit,
ts_rank_20(ret_10d_rank),0.031045322172526202,1,201505,2,1,trend,0.9047996502505969,0.6807403281253622,ret_10d_rank,False,peak_month_limit,
neg(slope_5(risk_adj_20_60_rank)),0.031044164600561308,-1,201505,3,2,trend,0.849432486498622,0.5317248817311153,risk_adj_5_20_rank,False,peak_month_limit,
delta_5(risk_adj_10_20_rank),0.030989939966425094,1,202001,2,1,trend,0.7208878356021274,0.6309019446139055,risk_adj_5_20_rank,True,,sector_factor_06
signed_log(delta_5(close_pos_20d_rank)),0.030874365712406926,1,201703,3,2,breakout,0.540894233487633,0.6213742626648502,risk_adj_5_20_rank,True,,sector_factor_07
risk_adj_5_20_rank,0.03086030362077319,1,201505,1,0,trend,0.6309019446139055,1.0,risk_adj_5_20_rank,False,manual_factor_duplicate,
delta_5(ret_10d_rank),0.030836505586040806,1,201505,2,1,trend,0.9165454262513096,0.6226950323520625,ret_5d_rank,False,peak_month_limit,
"max(ret_5d_rank, volatility_20d_rank)",0.030796269114547158,1,201505,3,1,volatility,0.3126015976341569,0.6654612274464485,volatility_20d_rank,False,peak_month_limit,
zscore_20(risk_adj_20_60_rank),0.030766387815161035,1,201505,2,1,trend,0.9686215219911429,0.5616008277320373,risk_adj_10_20_rank,False,peak_month_limit,
"max(risk_adj_10_20_rank, delta_5(ret_5d_rank))",0.030683944829516245,1,201505,4,2,trend,0.5359062052226083,0.811544041475382,ret_5d_rank,False,manual_factor_duplicate,
delta_5(ret_20d_rank),0.030598586421973335,1,201505,2,1,trend,0.9308526956545536,0.601267666164479,ret_5d_rank,False,peak_month_limit,
mean_5(range_1d_rank),0.030596638888292782,1,201702,2,1,breakout,0.12139120741858488,0.7461569559165999,range_1d_rank,True,,sector_factor_08
mean_5(ret_3d_rank),0.030509043558363758,1,201505,2,1,trend,0.5529488276287888,0.8488273665128923,ret_5d_rank,False,manual_factor_duplicate,
delta_5(ma_gap_5_20_rank),0.030365513958703863,1,201505,2,1,breakout,0.6818025547099412,0.5526118813082918,ret_10d_rank,False,peak_month_limit,
neg(risk_adj_5_20_rank),0.030360303620773188,-1,201505,2,1,trend,0.6309019446139055,1.0,risk_adj_5_20_rank,False,manual_factor_duplicate,
signed_sqrt(risk_adj_5_20_rank),0.030360303620773188,1,201505,2,1,trend,0.6309019446139055,1.0,risk_adj_5_20_rank,False,manual_factor_duplicate,
"add(volatility_10d_rank, min(risk_adj_5_20_rank, ret_5d_rank))",0.030356130350784407,1,201505,5,2,trend,0.5736551723523161,0.7164332098827674,volatility_10d_rank,False,peak_month_limit,
ret_5d_rank,0.030327076765524555,1,201505,1,0,trend,0.6070792096348079,0.9999999999999998,ret_5d_rank,False,manual_factor_duplicate,
mean_5(volatility_20d_rank),0.03028091649147492,1,202001,2,1,volatility,0.7162994562611354,0.9734102663134028,volatility_20d_rank,False,manual_factor_duplicate,
signed_log(zscore_20(risk_adj_20_60_rank)),0.030266387815161035,1,201505,3,2,trend,0.9686216476002953,0.5616005976364588,risk_adj_10_20_rank,False,peak_month_limit,
mean_5(risk_adj_5_20_rank),0.03023039435427434,1,201505,2,1,trend,0.5890637233872702,0.827312499468865,risk_adj_10_20_rank,False,manual_factor_duplicate,
volatility_20d_rank,0.030177286978800653,1,202001,1,0,volatility,0.7384927481807796,1.0,volatility_20d_rank,False,manual_factor_duplicate,
signed_sqrt(delta_5(ret_20d_rank)),0.03008895918778421,1,201505,3,2,trend,0.9308524100879112,0.601266965112534,ret_5d_rank,False,peak_month_limit,
"signed_sqrt(add(signed_log(risk_adj_5_20_rank), volatility_10d_rank))",0.030075713390412883,1,201707,5,3,volatility,0.639221284114152,0.8146108817988784,volatility_10d_rank,False,manual_factor_duplicate,
std_20(volatility_20d_rank),0.03005142294021219,-1,202001,2,1,volatility,0.04446330478145707,0.05455580918338258,volatility_20d_rank,True,,sector_factor_09
std_20(range_1d_rank),0.030020612395298036,-1,201509,2,1,breakout,0.39303146389745475,0.061275635224080166,risk_adj_20_60_rank,True,,sector_factor_10
"min(std_20(risk_adj_20_60_rank), risk_adj_20_60_rank)",0.029963732300293755,1,201505,4,2,trend,0.5469364100907009,0.9335265765048932,risk_adj_20_60_rank,False,manual_factor_duplicate,
"abs(max(sub(ma_gap_5_20_rank, ma_gap_10_60_rank), mul(ret_10d_rank, volatility_10d_rank)))",0.029934251310989365,1,201701,8,3,breakout,0.38366158583597465,0.24840722155910847,ret_10d_rank,True,,sector_factor_11
range_1d_rank,0.02990890755723231,1,201702,1,0,breakout,0.7461569559165999,1.0,range_1d_rank,False,manual_factor_duplicate,
delta_5(ret_5d_rank),0.02989934714678137,1,202012,2,1,trend,0.6048367736717479,0.6741228769356193,ret_5d_rank,True,,sector_factor_12
"signed_sqrt(neg(max(ret_5d_rank, risk_adj_5_20_rank)))",0.02986625595739145,-1,201505,5,3,trend,0.6514772340031144,0.9742805167265891,risk_adj_5_20_rank,False,manual_factor_duplicate,
"add(risk_adj_5_20_rank, risk_adj_5_20_rank)",0.029860303620773188,1,201505,3,1,trend,0.6309019446139055,1.0,risk_adj_5_20_rank,False,manual_factor_duplicate,
mean_5(volatility_10d_rank),0.02985133935384074,1,202001,2,1,volatility,0.709255528594497,0.9235289795266352,volatility_10d_rank,False,manual_factor_duplicate,
signed_log(ret_5d_rank),0.029827076765524554,1,201505,2,1,trend,0.6741228769356193,0.9999999999999998,ret_5d_rank,False,manual_factor_duplicate,
signed_sqrt(ret_5d_rank),0.029827076765524554,1,201505,2,1,trend,0.6741228769356193,0.9999999999999998,ret_5d_rank,False,manual_factor_duplicate,
neg(ret_5d_rank),0.029827076765524554,-1,201505,2,1,trend,0.6741228769356193,0.9999999999999998,ret_5d_rank,False,manual_factor_duplicate,
"sub(ret_10d_rank, ret_20d_rank)",0.029806195262276527,1,201506,3,1,trend,0.6751620686391572,0.3839123363728194,ret_20d_rank,True,,sector_factor_13
"sub(min(signed_sqrt(ma_gap_10_60_rank), risk_adj_10_20_rank), ret_10d_rank)",0.02975991028933844,-1,202001,6,3,trend,0.7920409998573136,0.5631392107264651,ma_gap_10_60_rank,True,,sector_factor_14
"add(ret_3d_rank, volatility_10d_rank)",0.02975475623509767,1,201505,3,1,volatility,0.5421752401122846,0.7012480319827402,volatility_10d_rank,False,peak_month_limit,
neg(volatility_20d_rank),0.029677286978800652,-1,202001,2,1,volatility,0.7384927481807796,1.0,volatility_20d_rank,False,manual_factor_duplicate,
signed_sqrt(volatility_20d_rank),0.029677286978800652,1,202001,2,1,volatility,0.7384927481807796,1.0,volatility_20d_rank,False,manual_factor_duplicate,
signed_log(volatility_20d_rank),0.029677286978800652,1,202001,2,1,volatility,0.7384927481807796,1.0,volatility_20d_rank,False,manual_factor_duplicate,
"neg(sub(signed_sqrt(ret_5d_rank), std_20(drawdown_60d_rank)))",0.029653755297391112,-1,201505,6,3,breakout,0.6609399906331445,0.9648084430757332,ret_5d_rank,False,manual_factor_duplicate,
"add(slope_5(ma_gap_5_20_rank), abs(ret_5d_rank))",0.02960201055304428,1,201505,5,2,breakout,0.30837075989208595,0.24573313667802504,range_1d_rank,False,peak_month_limit,
signed_sqrt(std_20(volatility_20d_rank)),0.02955142294021219,-1,202001,3,2,volatility,1.0,0.05455580918338258,volatility_20d_rank,False,peak_month_limit,
signed_log(std_20(volatility_20d_rank)),0.02955142294021219,-1,202001,3,2,volatility,1.0,0.05455580918338258,volatility_20d_rank,False,peak_month_limit,
slope_5(risk_adj_10_20_rank),0.02947078949328561,1,202001,2,1,trend,0.8523400242316863,0.554050451865585,risk_adj_5_20_rank,False,peak_month_limit,
"min(risk_adj_5_20_rank, ret_3d_rank)",0.029461356273791275,1,201702,3,1,trend,0.6106324392288569,0.9000233157889658,ret_3d_rank,False,manual_factor_duplicate,
"add(signed_log(signed_log(close_pos_20d_rank)), std_20(ma_gap_5_20_rank))",0.02944272024835712,1,202012,6,3,breakout,0.4859044262641363,0.8752889812762596,close_pos_20d_rank,False,manual_factor_duplicate,
signed_sqrt(range_1d_rank),0.02940890755723231,1,201702,2,1,breakout,0.7461569559165999,1.0,range_1d_rank,False,manual_factor_duplicate,
slope_5(ma_gap_5_20_rank),0.029360291294715794,1,201505,2,1,breakout,0.6306028717929135,0.5994716780351442,ret_5d_rank,False,peak_month_limit,
ret_3d_rank,0.02935812940867571,1,201505,1,0,trend,0.5382244689381367,1.0,ret_3d_rank,False,manual_factor_duplicate,
neg(signed_sqrt(ret_5d_rank)),0.029327076765524554,-1,201505,3,2,trend,0.6741228769356193,0.9999999999999998,ret_5d_rank,False,manual_factor_duplicate,
signed_sqrt(neg(ret_5d_rank)),0.029327076765524554,-1,201505,3,2,trend,0.6741228769356193,0.9999999999999998,ret_5d_rank,False,manual_factor_duplicate,
"add(zscore_20(risk_adj_20_60_rank), slope_5(ret_1d_rank))",0.029317140998199234,1,201505,5,2,trend,0.9638610383037531,0.5624299674883337,close_pos_20d_rank,False,peak_month_limit,
"sub(abs(signed_sqrt(volume_z_20d_rank)), ret_1d_rank)",0.029302680340793353,-1,201505,5,3,trend,0.3473398277059823,0.9284397832517111,ret_1d_rank,False,manual_factor_duplicate,
signed_sqrt(neg(volatility_20d_rank)),0.029177286978800652,-1,202001,3,2,volatility,0.7384927481807796,1.0,volatility_20d_rank,False,manual_factor_duplicate,
"add(volatility_20d_rank, volatility_20d_rank)",0.029177286978800652,1,202001,3,1,volatility,0.7384927481807796,1.0,volatility_20d_rank,False,manual_factor_duplicate,
signed_sqrt(signed_log(std_20(volatility_20d_rank))),0.029051422940212193,-1,202001,4,3,volatility,0.999999998569854,0.054555067567422455,volatility_20d_rank,False,peak_month_limit,
"abs(add(slope_5(risk_adj_10_20_rank), mul(volatility_10d_rank, volatility_10d_rank)))",0.029025892539160107,1,201701,7,3,volatility,0.35383493450341985,0.20649352241382588,risk_adj_5_20_rank,True,,sector_factor_15
"sub(std_20(ma_gap_10_60_rank), sub(add(ret_20d_rank, risk_adj_5_20_rank), add(ret_10d_rank, volume_z_20d_rank)))",0.02900487797805611,-1,202012,10,3,trend,0.7338192155238511,0.5244658553393002,volume_z_20d_rank,True,,sector_factor_16
mean_5(ret_5d_rank),0.0289781719372597,1,201505,2,1,trend,0.5594374230546826,0.8143426764742899,ret_10d_rank,False,manual_factor_duplicate,
neg(slope_5(risk_adj_10_20_rank)),0.02897078949328561,-1,202001,3,2,trend,0.8523400242316863,0.554050451865585,risk_adj_5_20_rank,False,peak_month_limit,
"add(min(min(risk_adj_10_20_rank, ma_gap_5_20_rank), ret_20d_rank), signed_log(div(ret_10d_rank, ret_20d_rank)))",0.028950177929964283,1,201505,10,3,trend,0.3401416180018856,0.5376974514413614,ma_gap_5_20_rank,False,peak_month_limit,
"min(ret_3d_rank, ret_5d_rank)",0.028948226691854026,1,201505,3,1,trend,0.6096126771586691,0.916819633598659,ret_3d_rank,False,manual_factor_duplicate,
"signed_sqrt(mul(volume_z_20d_rank, signed_sqrt(ma_gap_5_20_rank)))",0.028929573693634993,-1,201505,5,3,breakout,0.13891587558793628,0.08500494668644336,volatility_20d_rank,False,peak_month_limit,
"add(volatility_10d_rank, risk_adj_10_20_rank)",0.028917441268160197,1,201707,3,1,volatility,0.5862509100531583,0.7290945898171187,risk_adj_10_20_rank,True,,sector_factor_17
abs(volatility_20d_rank),0.028902483960152298,1,202001,2,1,volatility,0.576666229655996,0.1197762595731509,ma_gap_10_60_rank,False,peak_month_limit,
"mul(sub(sub(volume_z_20d_rank, risk_adj_5_20_rank), add(ma_gap_10_60_rank, risk_adj_20_60_rank)), ret_5d_rank)",0.028860330117848016,-1,201702,9,3,trend,0.12109366824620776,0.08825165199041056,ret_5d_rank,True,,sector_factor_18
volatility_10d_rank,0.02880019923657679,1,202001,1,0,volatility,0.7286091179593062,0.9999999999999998,volatility_10d_rank,False,manual_factor_duplicate,
ma_gap_10_60_rank,0.028681961895067203,-1,201506,1,0,breakout,0.5630819137201344,0.9999911404205258,ma_gap_10_60_rank,False,manual_factor_duplicate,
std_20(risk_adj_10_20_rank),0.02868002304658245,1,201703,2,1,trend,0.2117117073701059,0.1703106472383353,volatility_20d_rank,True,,sector_factor_19
signed_log(std_20(ret_60d_rank)),0.02867429204711302,-1,202012,3,2,trend,0.1707784421973767,0.10689828533203638,volatility_20d_rank,True,,sector_factor_20
"add(max(abs(drawdown_60d_rank), volatility_10d_rank), signed_sqrt(zscore_20(close_pos_20d_rank)))",0.028630082028870334,1,201505,8,3,breakout,0.6682469009863113,0.675537071990453,close_pos_20d_rank,False,peak_month_limit,
"max(ret_3d_rank, ret_60d_rank)",0.02862965822750639,1,201505,3,1,trend,0.49410800334747007,0.7016259623699591,ret_60d_rank,False,peak_month_limit,
zscore_20(risk_adj_10_20_rank),0.02859550585680836,1,201505,2,1,trend,0.9697319336452999,0.719596104387961,risk_adj_10_20_rank,False,peak_month_limit,
"add(abs(volatility_10d_rank), ts_rank_20(risk_adj_20_60_rank))",0.028568162553953915,1,201505,5,2,volatility,0.7679211615697343,0.47475397367365285,risk_adj_10_20_rank,False,peak_month_limit,
"sub(ret_3d_rank, mul(risk_adj_5_20_rank, range_1d_rank))",0.02856767463134315,1,201505,5,2,trend,0.4784404332836599,0.8608729260424123,ret_3d_rank,False,manual_factor_duplicate,
"min(ret_20d_rank, delta_5(close_pos_20d_rank))",0.028557306572836887,1,202108,4,2,breakout,0.5918771675029633,0.7507487143131656,close_pos_20d_rank,True,,sector_factor_21
"min(abs(close_pos_20d_rank), sub(signed_sqrt(ma_gap_10_60_rank), ret_3d_rank))",0.028506316011218943,-1,201506,7,3,breakout,0.6586536076542433,0.7310752589646481,ma_gap_10_60_rank,True,,sector_factor_22
"div(ret_60d_rank, std_20(risk_adj_5_20_rank))",0.02849330019129878,1,201505,4,2,trend,0.5094383489751022,0.973581607733073,ret_60d_rank,False,manual_factor_duplicate,
ts_rank_20(risk_adj_5_20_rank),0.028467974774358553,1,201505,2,1,trend,0.7141844036590286,0.8120915096586495,risk_adj_5_20_rank,False,manual_factor_duplicate,
"add(volatility_20d_rank, signed_log(risk_adj_10_20_rank))",0.028440128411092613,1,201505,4,2,volatility,0.8850806537016171,0.8131161382081168,volatility_20d_rank,False,manual_factor_duplicate,
"signed_log(signed_sqrt(add(range_1d_rank, risk_adj_5_20_rank)))",0.02840154596937747,1,201702,5,3,breakout,0.6224722463288508,0.7442959733501877,range_1d_rank,True,,sector_factor_23
signed_sqrt(signed_sqrt(std_20(ret_20d_rank))),0.02840004060067327,-1,201505,4,3,trend,0.45313926525659215,0.21796697654096595,volatility_20d_rank,False,peak_month_limit,
ts_rank_20(ret_20d_rank),0.02839419583487535,1,201505,2,1,trend,0.915319825548018,0.5635754889077745,ret_10d_rank,False,peak_month_limit,
"add(slope_5(drawdown_60d_rank), risk_adj_10_20_rank)",0.028386820101834832,1,201505,4,2,breakout,0.7164589993963412,0.9920413912610337,risk_adj_10_20_rank,False,manual_factor_duplicate,
"mul(abs(volatility_20d_rank), volatility_10d_rank)",0.028380857292375314,1,202001,4,2,volatility,0.7406664794511825,0.9718241040507973,volatility_10d_rank,False,manual_factor_duplicate,
"sub(sub(ts_rank_20(risk_adj_20_60_rank), ret_5d_rank), max(ma_gap_5_20_rank, close_pos_20d_rank))",0.028367783104253277,-1,201505,8,3,breakout,0.6543999754335682,0.8548597124595207,ret_5d_rank,False,manual_factor_duplicate,
"max(signed_log(mul(range_1d_rank, ret_5d_rank)), risk_adj_5_20_rank)",0.02836030362077319,1,201505,6,3,trend,0.4912281942114546,0.7670973632541876,risk_adj_5_20_rank,False,peak_month_limit,
signed_log(signed_log(ret_3d_rank)),0.02835812940867571,1,201505,3,2,trend,0.5442513766059427,1.0,ret_3d_rank,False,manual_factor_duplicate,
"add(max(std_20(risk_adj_5_20_rank), neg(ret_3d_rank)), ret_3d_rank)",0.028352536721841074,1,201505,7,3,trend,0.5250564645322745,0.9703494294015809,ret_3d_rank,False,manual_factor_duplicate,
"add(add(std_20(ma_gap_5_20_rank), ts_rank_20(risk_adj_20_60_rank)), close_pos_20d_rank)",0.028327093898123757,1,201505,7,3,breakout,0.7899898259174672,0.9131677156873013,close_pos_20d_rank,False,manual_factor_duplicate,
ts_rank_20(ma_gap_5_20_rank),0.028326267210342992,1,201505,2,1,breakout,0.7154470075601397,0.6418782859749849,ret_10d_rank,False,peak_month_limit,
abs(ma_gap_10_60_rank),0.028320453497612353,1,202001,2,1,breakout,0.2864791391340999,0.2610169669557925,volatility_20d_rank,False,peak_month_limit,
std_20(volume_z_20d_rank),0.028311905055458757,1,201505,2,1,activity,0.312779042777143,0.11346873261540927,range_1d_rank,False,peak_month_limit,
"min(ret_1d_rank, signed_sqrt(signed_log(risk_adj_5_20_rank)))",0.028303688261377264,1,201702,5,3,trend,0.5610034238394465,0.7677702907121198,ret_1d_rank,False,peak_month_limit,
signed_log(volatility_10d_rank),0.02830019923657679,1,202001,2,1,volatility,0.7286091179593062,0.9999999999999998,volatility_10d_rank,False,manual_factor_duplicate,
risk_adj_10_20_rank,0.028250791992364164,1,201505,1,0,trend,0.7290945898171187,1.0,risk_adj_10_20_rank,False,manual_factor_duplicate,
"mul(volatility_10d_rank, neg(std_20(risk_adj_5_20_rank)))",0.02821365760616175,-1,202001,5,3,volatility,0.7079856185179056,0.9809606899413067,volatility_10d_rank,False,manual_factor_duplicate,
"min(ret_20d_rank, min(std_20(risk_adj_20_60_rank), add(drawdown_60d_rank, range_1d_rank)))",0.02820360771225276,1,202001,8,3,breakout,0.5790773274323016,0.790141197424557,ret_20d_rank,False,peak_month_limit,
"add(mean_5(ret_10d_rank), delta_5(volume_z_20d_rank))",0.028197485722322266,1,201505,5,2,trend,0.48735397094341576,0.7390015981406354,turnover_z_20d_rank,False,peak_month_limit,
signed_sqrt(ma_gap_10_60_rank),0.028181961895067203,-1,201506,2,1,breakout,0.7310262637294146,0.9999911404205258,ma_gap_10_60_rank,False,manual_factor_duplicate,
signed_log(ma_gap_10_60_rank),0.028181961895067203,-1,201506,2,1,breakout,0.7310262637294146,0.9999911404205258,ma_gap_10_60_rank,False,manual_factor_duplicate,
neg(ma_gap_10_60_rank),0.028181961895067203,1,201506,2,1,breakout,0.7310262637294146,0.9999911404205258,ma_gap_10_60_rank,False,manual_factor_duplicate,
"signed_sqrt(max(slope_5(risk_adj_5_20_rank), signed_sqrt(risk_adj_5_20_rank)))",0.028175692665159235,1,201505,6,3,trend,0.6863753120123176,0.921853292394635,risk_adj_5_20_rank,False,manual_factor_duplicate,
"sub(max(slope_5(drawdown_60d_rank), ts_rank_20(ma_gap_10_60_rank)), ret_3d_rank)",0.028155925061380396,-1,202303,7,3,breakout,0.5671864052030894,0.8100716876199415,ret_3d_rank,False,manual_factor_duplicate,
"max(signed_log(risk_adj_5_20_rank), volatility_10d_rank)",0.028151002494208786,1,202001,4,2,volatility,0.771120161377589,0.7185967470492163,volatility_10d_rank,False,peak_month_limit,
"neg(max(ret_3d_rank, ret_60d_rank))",0.02812965822750639,-1,201505,4,2,trend,0.548109941320428,0.7016259623699591,ret_60d_rank,False,peak_month_limit,
signed_sqrt(zscore_20(risk_adj_10_20_rank)),0.02809550585680836,1,201505,3,2,trend,0.969731895456656,0.7195960280759391,risk_adj_10_20_rank,False,peak_month_limit,
"neg(max(neg(volatility_20d_rank), drawdown_60d_rank))",0.02804518110523738,1,202305,5,3,volatility,0.3784574332110164,0.7037633448331031,drawdown_60d_rank,True,,sector_factor_24
"signed_log(signed_sqrt(max(ret_3d_rank, volume_z_20d_rank)))",0.028017758039895094,1,201505,5,3,trend,0.5454009162140198,0.793539589297063,turnover_z_20d_rank,False,peak_month_limit,
slope_5(ret_10d_rank),0.028016508111805824,1,201505,2,1,trend,0.7860030896044932,0.5602608074235069,ret_3d_rank,False,peak_month_limit,
std_20(ma_gap_5_20_rank),0.027994209690299865,-1,202001,2,1,breakout,0.7409596032878487,0.24880986739056252,volatility_20d_rank,False,peak_month_limit,
slope_5(close_pos_20d_rank),0.02799073023530445,1,201703,2,1,breakout,0.7667162435011208,0.620634537696384,ret_3d_rank,True,,sector_factor_25
"max(sub(abs(ret_1d_rank), abs(risk_adj_5_20_rank)), mean_5(ret_3d_rank))",0.027987897724647697,1,201505,8,3,trend,0.6159946271528165,0.6703760203905851,risk_adj_5_20_rank,False,peak_month_limit,
"signed_log(max(risk_adj_5_20_rank, signed_sqrt(risk_adj_10_20_rank)))",0.02798661286550672,1,201505,5,3,trend,0.682974898950386,0.9188550785488383,risk_adj_10_20_rank,False,manual_factor_duplicate,
"max(ret_5d_rank, min(volume_z_20d_rank, std_20(risk_adj_5_20_rank)))",0.027983014043305665,1,201505,6,3,trend,0.6534241915114452,0.8318315577199109,ret_5d_rank,False,manual_factor_duplicate,
close_pos_20d_rank,0.027972601367932982,1,201505,1,0,breakout,0.7507487143131656,1.0,close_pos_20d_rank,False,manual_factor_duplicate,
"sub(ret_20d_rank, ret_5d_rank)",0.027942205009946694,-1,201506,3,1,trend,0.651668680539809,0.5030984580789262,ret_20d_rank,True,,sector_factor_26
abs(abs(signed_log(volatility_20d_rank))),0.027902483960152297,1,202001,4,3,volatility,0.576666229655996,0.1197762595731509,ma_gap_10_60_rank,False,peak_month_limit,
"add(ma_gap_5_20_rank, min(ret_5d_rank, ts_rank_20(risk_adj_5_20_rank)))",0.027862887236207428,1,201505,6,3,trend,0.6971704455363594,0.8581391722910549,ret_10d_rank,False,manual_factor_duplicate,
signed_sqrt(signed_log(signed_log(ret_3d_rank))),0.027858129408675714,1,201505,4,3,trend,0.6206345376963839,1.0,ret_3d_rank,False,manual_factor_duplicate,
delta_5(ret_3d_rank),0.02783430291841003,1,202012,2,1,trend,0.7159632617096127,0.6840399208905193,ret_3d_rank,False,peak_month_limit,
abs(ts_rank_20(ma_gap_5_20_rank)),0.02782626721034299,1,201505,3,2,breakout,0.7154470075601397,0.6418782859749849,ret_10d_rank,False,peak_month_limit,
"add(signed_sqrt(close_pos_20d_rank), slope_5(close_pos_20d_rank))",0.02780503908303476,1,201703,5,2,breakout,0.7646326692263441,0.9776751224938052,close_pos_20d_rank,False,manual_factor_duplicate,
"min(risk_adj_5_20_rank, mul(risk_adj_5_20_rank, add(ret_10d_rank, ret_5d_rank)))",0.027803895469273438,1,201505,7,3,trend,0.7160540449732117,0.9726397153894834,risk_adj_5_20_rank,False,manual_factor_duplicate,
signed_sqrt(risk_adj_10_20_rank),0.027750791992364163,1,201505,2,1,trend,0.7290945898171187,1.0,risk_adj_10_20_rank,False,manual_factor_duplicate,
neg(risk_adj_10_20_rank),0.027750791992364163,-1,201505,2,1,trend,0.7290945898171187,1.0,risk_adj_10_20_rank,False,manual_factor_duplicate,
signed_log(risk_adj_10_20_rank),0.027750791992364163,1,201505,2,1,trend,0.7290945898171187,1.0,risk_adj_10_20_rank,False,manual_factor_duplicate,
mean_5(close_pos_20d_rank),0.0277473686900826,1,201505,2,1,breakout,0.5774551677621041,0.8312898864840066,close_pos_20d_rank,False,manual_factor_duplicate,
"min(ret_1d_rank, min(mul(ret_10d_rank, ret_20d_rank), signed_log(ret_3d_rank)))",0.02771151788507099,1,201505,8,3,trend,0.4601529303460235,0.8269934946188056,ret_1d_rank,False,manual_factor_duplicate,
signed_log(signed_sqrt(ma_gap_10_60_rank)),0.027681961895067202,-1,201506,3,2,breakout,0.7310262637294146,0.9999911404205258,ma_gap_10_60_rank,False,manual_factor_duplicate,
"signed_log(add(ret_3d_rank, abs(ma_gap_10_60_rank)))",0.027681663396179567,1,201505,5,3,breakout,0.5646832168358815,0.899231893197517,ret_3d_rank,False,manual_factor_duplicate,
"min(ret_1d_rank, mul(zscore_20(close_pos_20d_rank), ret_3d_rank))",0.027676415502212146,1,201701,6,3,trend,0.385277485600821,0.8459991472649725,ret_1d_rank,False,manual_factor_duplicate,
"min(mul(risk_adj_5_20_rank, max(close_pos_20d_rank, risk_adj_5_20_rank)), ret_5d_rank)",0.027663960663678974,1,201505,7,3,trend,0.6760370636042861,0.9831548851774108,ret_5d_rank,False,manual_factor_duplicate,
"add(ret_1d_rank, signed_log(risk_adj_10_20_rank))",0.027659656293792467,1,201505,4,2,trend,0.5818821384397345,0.8572697828891208,ret_1d_rank,False,manual_factor_duplicate,
std_20(volatility_10d_rank),0.027622687074458432,-1,202001,2,1,volatility,0.6349107378977363,0.04457048683824167,range_1d_rank,False,peak_month_limit,
"mul(abs(neg(ret_5d_rank)), mean_5(volatility_10d_rank))",0.027602791679047473,1,202012,6,3,volatility,0.646764506081791,0.8542271923700201,volatility_10d_rank,False,manual_factor_duplicate,
std_20(ret_10d_rank),0.0275951939350811,1,202305,2,1,trend,0.868001764109266,0.3554467383037459,volatility_20d_rank,False,correlation_duplicate,
"mul(ret_5d_rank, ret_60d_rank)",0.027571930311796382,1,201505,3,1,trend,0.646672099260294,0.10358096388720442,ret_5d_rank,False,peak_month_limit,
"add(ret_10d_rank, volatility_10d_rank)",0.027546778929003785,1,201505,3,1,volatility,0.9782475107643236,0.7298185435519432,volatility_10d_rank,False,peak_month_limit,
"max(ma_gap_10_60_rank, risk_adj_5_20_rank)",0.027539892718980132,1,201505,3,1,breakout,0.5960274811401343,0.6819141237034406,ma_gap_10_60_rank,False,peak_month_limit,
std_20(ret_3d_rank),0.027509059455112554,-1,201509,2,1,trend,0.5475539675263426,0.5517583700139822,volatility_20d_rank,True,,sector_factor_27
ret_1d_rank,0.027505931240446074,1,201702,1,0,trend,0.37416583921239205,1.0,ret_1d_rank,False,manual_factor_duplicate,
"max(min(signed_log(risk_adj_10_20_rank), risk_adj_20_60_rank), volatility_20d_rank)",0.027490466057801973,1,202001,6,3,trend,0.7217191561033037,0.7802407306683729,volatility_20d_rank,False,peak_month_limit,
neg(close_pos_20d_rank),0.027472601367932982,-1,201505,2,1,breakout,0.7507487143131656,1.0,close_pos_20d_rank,False,manual_factor_duplicate,
signed_sqrt(close_pos_20d_rank),0.027472601367932982,1,201505,2,1,breakout,0.7507487143131656,1.0,close_pos_20d_rank,False,manual_factor_duplicate,
"add(abs(max(ret_1d_rank, ret_3d_rank)), risk_adj_5_20_rank)",0.02744858966662999,1,201505,6,3,trend,0.7653502924658112,0.9275919738804459,risk_adj_5_20_rank,False,manual_factor_duplicate,
"add(ma_gap_10_60_rank, delta_5(ma_gap_10_60_rank))",0.027438809244609674,-1,201506,4,2,breakout,0.655576441369438,0.9482717132028488,ma_gap_10_60_rank,False,manual_factor_duplicate,
"min(mean_5(drawdown_60d_rank), ret_3d_rank)",0.027413441887242644,1,201702,4,2,breakout,0.5752211111318644,0.7649690675863906,drawdown_60d_rank,False,peak_month_limit,
mean_5(ma_gap_10_60_rank),0.02740247186895073,-1,201506,2,1,breakout,0.7522270765384393,0.9852196210070633,ma_gap_10_60_rank,False,manual_factor_duplicate,
"sub(max(max(ret_10d_rank, volatility_10d_rank), mul(ret_5d_rank, volatility_10d_rank)), ret_60d_rank)",0.02738679097048428,1,201802,9,3,trend,0.4836368535147461,0.8578741670620335,ret_60d_rank,False,manual_factor_duplicate,
"signed_log(sub(slope_5(risk_adj_10_20_rank), signed_sqrt(risk_adj_5_20_rank)))",0.027369276727691315,-1,201505,6,3,trend,0.7158286254657634,0.962419183290418,risk_adj_5_20_rank,False,manual_factor_duplicate,
delta_5(drawdown_60d_rank),0.027357743807262944,1,201912,2,1,breakout,0.6184757721870663,0.743636926933823,ret_5d_rank,True,,sector_factor_28
zscore_20(ret_10d_rank),0.027320065040267138,1,201505,2,1,trend,0.892794689256336,0.7186879366919487,ret_10d_rank,False,peak_month_limit,
mean_5(drawdown_60d_rank),0.027259736610986983,1,201702,2,1,breakout,0.6477331853948315,0.9358195341271331,drawdown_60d_rank,False,manual_factor_duplicate,
"mul(ma_gap_10_60_rank, signed_log(ret_3d_rank))",0.02725875173225241,1,202012,4,2,breakout,0.5646168549366246,0.09736388821012507,ret_3d_rank,False,peak_month_limit,
ret_60d_rank,0.02723246206027228,1,201505,1,0,trend,0.5056192320791209,1.0,ret_60d_rank,False,manual_factor_duplicate,
"max(ret_5d_rank, mul(add(risk_adj_10_20_rank, ret_10d_rank), sub(risk_adj_20_60_rank, drawdown_60d_rank)))",0.027207899138296823,1,201505,9,3,trend,0.4470834729636981,0.6416580139024032,ret_5d_rank,False,peak_month_limit,
ts_rank_20(close_pos_20d_rank),0.027198433185258344,1,201505,2,1,breakout,0.721274074121802,0.6540825355837288,close_pos_20d_rank,False,peak_month_limit,
"min(risk_adj_5_20_rank, add(min(ret_1d_rank, risk_adj_20_60_rank), abs(drawdown_60d_rank)))",0.02719644201715319,1,201505,8,3,trend,0.679885800340372,0.860767769165118,risk_adj_5_20_rank,False,manual_factor_duplicate,
"add(range_1d_rank, ts_rank_20(ret_60d_rank))",0.027194906710875905,1,201505,4,2,breakout,0.7881398382800725,0.8763551052556123,range_1d_rank,False,manual_factor_duplicate,
mean_5(risk_adj_10_20_rank),0.027194257073198082,1,201505,2,1,trend,0.6532554811705837,0.8990434860741414,ma_gap_5_20_rank,False,manual_factor_duplicate,
"min(ma_gap_10_60_rank, std_20(volume_z_20d_rank))",0.027181961895067205,-1,201506,4,2,breakout,0.7277950206861795,0.9772774504210582,ma_gap_10_60_rank,False,manual_factor_duplicate,
"max(volatility_20d_rank, min(mul(volatility_10d_rank, volatility_20d_rank), volatility_10d_rank))",0.027177241495465767,1,202001,7,3,volatility,0.7468035371830968,0.982883958662459,volatility_20d_rank,False,manual_factor_duplicate,
ret_10d_rank,0.027148324385243144,1,201505,1,0,trend,0.6941879739084715,1.0,ret_10d_rank,False,manual_factor_duplicate,
"max(sub(sub(volatility_10d_rank, ret_10d_rank), std_20(risk_adj_5_20_rank)), risk_adj_5_20_rank)",0.02711557966172828,1,201702,8,3,trend,0.6152249068745196,0.6199300953586386,risk_adj_5_20_rank,False,peak_month_limit,
"min(ret_1d_rank, min(signed_sqrt(risk_adj_10_20_rank), signed_log(ret_3d_rank)))",0.02709976534415798,1,201702,7,3,trend,0.6033905352142637,0.735969497282045,risk_adj_10_20_rank,False,peak_month_limit,
signed_log(std_20(ret_10d_rank)),0.0270951939350811,1,202305,3,2,trend,0.8680015511194054,0.355447204794894,volatility_20d_rank,False,correlation_duplicate,
signed_sqrt(std_20(ret_10d_rank)),0.0270951939350811,1,202305,3,2,trend,0.8680015635878178,0.3554471643962265,volatility_20d_rank,False,correlation_duplicate,
"add(ret_1d_rank, drawdown_60d_rank)",0.027080471364881023,1,201702,3,1,breakout,0.5457487518840545,0.7812765222501413,ret_1d_rank,False,peak_month_limit,
mean_5(ret_60d_rank),0.02707452383522217,1,201505,2,1,trend,0.5684834225123322,0.9726819320879434,ret_60d_rank,False,manual_factor_duplicate,
"min(range_1d_rank, risk_adj_20_60_rank)",0.027028850991501808,1,202107,3,1,breakout,0.6588968514617386,0.6870322757965529,risk_adj_20_60_rank,True,,sector_factor_29
"neg(min(drawdown_60d_rank, ret_10d_rank))",0.027024890049051474,-1,201702,4,2,breakout,0.5915840492621204,0.8478099162894843,drawdown_60d_rank,False,manual_factor_duplicate,
"max(close_pos_20d_rank, range_1d_rank)",0.027023520604404487,1,201702,3,1,breakout,0.7355741675770129,0.6444621698530322,range_1d_rank,False,peak_month_limit,
signed_sqrt(ret_1d_rank),0.027005931240446073,1,201702,2,1,trend,0.37416583921239205,1.0,ret_1d_rank,False,manual_factor_duplicate,
signed_sqrt(abs(std_20(ma_gap_5_20_rank))),0.026994209690299864,-1,202001,4,3,breakout,0.7409596032878487,0.24880986739056252,volatility_20d_rank,False,peak_month_limit,
"signed_log(neg(add(risk_adj_5_20_rank, ma_gap_10_60_rank)))",0.026976563742820137,-1,201505,5,3,breakout,0.6245796911592791,0.7447738222540227,ma_gap_10_60_rank,False,peak_month_limit,
"mul(range_1d_rank, signed_log(ret_3d_rank))",0.026962957424247348,1,201702,4,2,breakout,0.14265866996219248,0.20616821945152847,ret_3d_rank,False,peak_month_limit,
"neg(max(risk_adj_5_20_rank, drawdown_60d_rank))",0.026947970548703952,-1,201505,4,2,breakout,0.6063742947731732,0.7961479027336185,risk_adj_5_20_rank,False,peak_month_limit,
"min(drawdown_60d_rank, div(ret_1d_rank, delta_5(ret_10d_rank)))",0.02692225903555386,1,201702,6,3,trend,0.3291556597168994,0.4734029962310793,drawdown_60d_rank,False,peak_month_limit,
abs(range_1d_rank),0.026911011316341722,1,201702,2,1,breakout,0.25742525389892434,0.09346178666335977,ret_5d_rank,False,peak_month_limit,
"signed_log(neg(min(ret_20d_rank, risk_adj_5_20_rank)))",0.026868480881203614,-1,201505,5,3,trend,0.8238298970855411,0.8034502683604756,risk_adj_5_20_rank,False,manual_factor_duplicate,
"add(max(abs(ret_60d_rank), mul(ret_5d_rank, close_pos_20d_rank)), zscore_20(drawdown_60d_rank))",0.026858603276423063,1,201701,9,3,breakout,0.702271571096884,0.6027824697844453,ret_10d_rank,True,,sector_factor_30
