sector_code,sector_name,sector_type,etf_code,etf_name,index_code,index_name,list_date,list_status,normalized_name,candidate_method,candidate_asof_date
881112.TI,钢铁,I,515210.SH,国泰中证钢铁ETF,930606.CSI,中证钢铁,20200302,L,钢铁,strict_normalized_index_name,20260529
881115.TI,建筑材料,I,159745.SZ,国泰中证全指建筑材料ETF,931009.CSI,中证建筑材料,20210618,L,建筑材料,strict_normalized_index_name,20260529
881115.TI,建筑材料,I,516750.SH,富国中证全指建筑材料ETF,931009.CSI,中证建筑材料,20211105,L,建筑材料,strict_normalized_index_name,20260529
881115.TI,建筑材料,I,159787.SZ,易方达中证全指建筑材料ETF,931009.CSI,中证建筑材料,20220315,L,建筑材料,strict_normalized_index_name,20260529
881121.TI,半导体,I,159325.SZ,南方中证半导体行业精选ETF,932066.CSI,半导体行业精选,20241108,L,半导体,strict_normalized_index_name,20260529
881121.TI,半导体,I,512480.SH,国联安中证全指半导体产品与设备ETF,H30184.CSI,中证半导体,20190612,L,半导体,strict_normalized_index_name,20260529
881124.TI,消费电子,I,561600.SH,平安中证消费电子主题ETF,931494.CSI,中证消费电子,20210909,L,消费电子,strict_normalized_index_name,20260529
881124.TI,消费电子,I,561310.SH,国泰中证消费电子主题ETF,931494.CSI,中证消费电子,20211125,L,消费电子,strict_normalized_index_name,20260529
881124.TI,消费电子,I,159779.SZ,招商中证消费电子主题ETF,931494.CSI,中证消费电子,20211126,L,消费电子,strict_normalized_index_name,20260529
881124.TI,消费电子,I,562950.SH,易方达中证消费电子主题ETF,931494.CSI,中证消费电子,20220120,L,消费电子,strict_normalized_index_name,20260529
881124.TI,消费电子,I,561100.SH,富国中证消费电子主题ETF,931494.CSI,中证消费电子,20220208,L,消费电子,strict_normalized_index_name,20260529
881124.TI,消费电子,I,159732.SZ,华夏国证消费电子主题ETF,980030.SZ,国证消费电子,20210823,L,消费电子,strict_normalized_index_name,20260529
881124.TI,消费电子,I,159153.SZ,鹏华国证消费电子主题ETF,980030.SZ,国证消费电子,20260209,L,消费电子,strict_normalized_index_name,20260529
881124.TI,消费电子,I,159178.SZ,汇添富国证消费电子主题ETF,980030.SZ,国证消费电子,20260428,L,消费电子,strict_normalized_index_name,20260529
881126.TI,汽车零部件,I,159565.SZ,易方达中证汽车零部件主题ETF,931230.CSI,汽车零部件,20240226,L,汽车零部件,strict_normalized_index_name,20260529
881126.TI,汽车零部件,I,159306.SZ,平安中证汽车零部件主题ETF,931230.CSI,汽车零部件,20240514,L,汽车零部件,strict_normalized_index_name,20260529
881126.TI,汽车零部件,I,562700.SH,华夏中证汽车零部件主题ETF,931230.CSI,汽车零部件,20240514,L,汽车零部件,strict_normalized_index_name,20260529
881129.TI,通信设备,I,515880.SH,国泰中证全指通信设备ETF,931160.CSI,中证通信设备,20190906,L,通信设备,strict_normalized_index_name,20260529
881129.TI,通信设备,I,159583.SZ,富国中证通信设备主题ETF,931271.CSI,通信设备主题,20240708,L,通信设备,strict_normalized_index_name,20260529
881141.TI,中药,I,159647.SZ,鹏华中证中药ETF,930641.CSI,中证中药,20220728,L,中药,strict_normalized_index_name,20260529
881141.TI,中药,I,562390.SH,银华中证中药ETF,930641.CSI,中证中药,20220728,L,中药,strict_normalized_index_name,20260529
881141.TI,中药,I,561510.SH,华泰柏瑞中证中药ETF,930641.CSI,中证中药,20220804,L,中药,strict_normalized_index_name,20260529
881141.TI,中药,I,560080.SH,汇添富中证中药ETF,930641.CSI,中证中药,20221017,L,中药,strict_normalized_index_name,20260529
881144.TI,医疗器械,I,159883.SZ,永赢中证全指医疗器械ETF,H30217.CSI,中证医疗器械,20210430,L,医疗器械,strict_normalized_index_name,20260529
881144.TI,医疗器械,I,159898.SZ,招商中证全指医疗器械ETF,H30217.CSI,中证医疗器械,20210604,L,医疗器械,strict_normalized_index_name,20260529
881144.TI,医疗器械,I,159797.SZ,汇添富中证全指医疗器械ETF,H30217.CSI,中证医疗器械,20220516,L,医疗器械,strict_normalized_index_name,20260529
881144.TI,医疗器械,I,562600.SH,华夏中证全指医疗器械ETF,H30217.CSI,中证医疗器械,20231211,L,医疗器械,strict_normalized_index_name,20260529
881145.TI,电力,I,159611.SZ,广发中证全指电力公用事业ETF,H30199.CSI,中证电力指数,20220107,L,电力,strict_normalized_index_name,20260529
881145.TI,电力,I,561560.SH,华泰柏瑞中证全指电力公用事业ETF,H30199.CSI,中证电力指数,20220516,L,电力,strict_normalized_index_name,20260529
881145.TI,电力,I,562350.SH,银华中证全指电力公用事业ETF,H30199.CSI,中证电力指数,20220712,L,电力,strict_normalized_index_name,20260529
881145.TI,电力,I,561700.SH,博时中证全指电力公用事业ETF,H30199.CSI,中证电力指数,20220715,L,电力,strict_normalized_index_name,20260529
881145.TI,电力,I,560580.SH,南方中证全指电力公用事业ETF,H30199.CSI,中证电力指数,20230512,L,电力,strict_normalized_index_name,20260529
881145.TI,电力,I,159146.SZ,华宝中证全指电力公用事业ETF,H30199.CSI,中证电力指数,20260120,L,电力,strict_normalized_index_name,20260529
881145.TI,电力,I,159158.SZ,景顺长城中证全指电力公用事业ETF,H30199.CSI,中证电力指数,20260127,L,电力,strict_normalized_index_name,20260529
881145.TI,电力,I,560270.SH,工银瑞信中证全指电力公用事业ETF,H30199.CSI,中证电力指数,20260306,L,电力,strict_normalized_index_name,20260529
881145.TI,电力,I,516370.SH,汇添富中证全指电力公用事业ETF,H30199.CSI,中证电力指数,20260403,L,电力,strict_normalized_index_name,20260529
881145.TI,电力,I,560450.SH,天弘中证全指电力公用事业ETF,H30199.CSI,中证电力指数,20260430,L,电力,strict_normalized_index_name,20260529
881145.TI,电力,I,512140.SH,华安中证全指电力公用事业ETF,H30199.CSI,中证电力指数,20260511,L,电力,strict_normalized_index_name,20260529
881145.TI,电力,I,560930.SH,易方达中证全指电力公用事业ETF,H30199.CSI,中证电力指数,20260514,L,电力,strict_normalized_index_name,20260529
881145.TI,电力,I,560460.SH,平安中证全指电力公用事业ETF,H30199.CSI,中证电力指数,20260515,L,电力,strict_normalized_index_name,20260529
881145.TI,电力,I,560480.SH,招商中证全指电力公用事业ETF,H30199.CSI,中证电力指数,20260526,L,电力,strict_normalized_index_name,20260529
881145.TI,电力,I,560830.SH,华夏中证全指电力公用事业ETF,H30199.CSI,中证电力指数,20260526,L,电力,strict_normalized_index_name,20260529
881153.TI,房地产,I,512200.SH,南方中证全指房地产ETF,931775.CSI,中证房地产,20170925,L,房地产,strict_normalized_index_name,20260529
881153.TI,房地产,I,515060.SH,华夏中证全指房地产ETF,931775.CSI,中证房地产,20200103,L,房地产,strict_normalized_index_name,20260529
881155.TI,银行,I,512700.SH,南方中证银行ETF,399986.SZ,中证银行,20170726,L,银行,strict_normalized_index_name,20260529
881155.TI,银行,I,512800.SH,华宝中证银行ETF,399986.SZ,中证银行,20170803,L,银行,strict_normalized_index_name,20260529
881155.TI,银行,I,512820.SH,汇添富中证银行ETF,399986.SZ,中证银行,20181123,L,银行,strict_normalized_index_name,20260529
881155.TI,银行,I,515020.SH,华夏中证银行ETF,399986.SZ,中证银行,20191203,L,银行,strict_normalized_index_name,20260529
881155.TI,银行,I,512730.SH,鹏华中证银行ETF,399986.SZ,中证银行,20200207,L,银行,strict_normalized_index_name,20260529
881155.TI,银行,I,515290.SH,天弘中证银行ETF,399986.SZ,中证银行,20201228,L,银行,strict_normalized_index_name,20260529
881155.TI,银行,I,516310.SH,易方达中证银行ETF,399986.SZ,中证银行,20210528,L,银行,strict_normalized_index_name,20260529
881155.TI,银行,I,516210.SH,华安中证银行ETF,399986.SZ,中证银行,20210924,L,银行,strict_normalized_index_name,20260529
881155.TI,银行,I,159253.SZ,博时中证银行ETF,399986.SZ,中证银行,20251208,L,银行,strict_normalized_index_name,20260529
881157.TI,证券,I,510200.SH,汇安上证证券ETF,950105.CSI,上证证券,20200508,L,证券,strict_normalized_index_name,20260529
881268.TI,工程机械,I,560280.SH,广发中证工程机械主题ETF,931752.CSI,中证工程机械主题,20231030,L,工程机械,strict_normalized_index_name,20260529
881268.TI,工程机械,I,159542.SZ,大成中证工程机械主题ETF,931752.CSI,中证工程机械主题,20240607,L,工程机械,strict_normalized_index_name,20260529
881268.TI,工程机械,I,516250.SH,富国中证工程机械主题ETF,931752.CSI,中证工程机械主题,20251222,L,工程机械,strict_normalized_index_name,20260529
881268.TI,工程机械,I,159138.SZ,易方达中证工程机械主题ETF,931752.CSI,中证工程机械主题,20260113,L,工程机械,strict_normalized_index_name,20260529
881268.TI,工程机械,I,515970.SH,华夏中证工程机械主题ETF,931752.CSI,中证工程机械主题,20260212,L,工程机械,strict_normalized_index_name,20260529
881268.TI,工程机械,I,159177.SZ,鹏华中证工程机械主题ETF,931752.CSI,中证工程机械主题,20260402,L,工程机械,strict_normalized_index_name,20260529
881268.TI,工程机械,I,561030.SH,华泰柏瑞中证工程机械主题ETF,931752.CSI,中证工程机械主题,20260529,L,工程机械,strict_normalized_index_name,20260529
881272.TI,软件开发,I,561010.SH,华安中证全指软件开发ETF,932094.CSI,中证软件开发,20231211,L,软件开发,strict_normalized_index_name,20260529
881278.TI,电网设备,I,159326.SZ,华夏中证电网设备主题ETF,931994.CSI,电网设备主题,20240909,L,电网设备,strict_normalized_index_name,20260529
884077.TI,工程机械Ⅲ,I,560280.SH,广发中证工程机械主题ETF,931752.CSI,中证工程机械主题,20231030,L,工程机械,strict_normalized_index_name,20260529
884077.TI,工程机械Ⅲ,I,159542.SZ,大成中证工程机械主题ETF,931752.CSI,中证工程机械主题,20240607,L,工程机械,strict_normalized_index_name,20260529
884077.TI,工程机械Ⅲ,I,516250.SH,富国中证工程机械主题ETF,931752.CSI,中证工程机械主题,20251222,L,工程机械,strict_normalized_index_name,20260529
884077.TI,工程机械Ⅲ,I,159138.SZ,易方达中证工程机械主题ETF,931752.CSI,中证工程机械主题,20260113,L,工程机械,strict_normalized_index_name,20260529
884077.TI,工程机械Ⅲ,I,515970.SH,华夏中证工程机械主题ETF,931752.CSI,中证工程机械主题,20260212,L,工程机械,strict_normalized_index_name,20260529
884077.TI,工程机械Ⅲ,I,159177.SZ,鹏华中证工程机械主题ETF,931752.CSI,中证工程机械主题,20260402,L,工程机械,strict_normalized_index_name,20260529
884077.TI,工程机械Ⅲ,I,561030.SH,华泰柏瑞中证工程机械主题ETF,931752.CSI,中证工程机械主题,20260529,L,工程机械,strict_normalized_index_name,20260529
884197.TI,中药Ⅲ,I,159647.SZ,鹏华中证中药ETF,930641.CSI,中证中药,20220728,L,中药,strict_normalized_index_name,20260529
884197.TI,中药Ⅲ,I,562390.SH,银华中证中药ETF,930641.CSI,中证中药,20220728,L,中药,strict_normalized_index_name,20260529
884197.TI,中药Ⅲ,I,561510.SH,华泰柏瑞中证中药ETF,930641.CSI,中证中药,20220804,L,中药,strict_normalized_index_name,20260529
884197.TI,中药Ⅲ,I,560080.SH,汇添富中证中药ETF,930641.CSI,中证中药,20221017,L,中药,strict_normalized_index_name,20260529
884205.TI,证券Ⅲ,I,510200.SH,汇安上证证券ETF,950105.CSI,上证证券,20200508,L,证券,strict_normalized_index_name,20260529
884218.TI,机器人,I,562360.SH,银华中证机器人ETF,H30590.CSI,中证机器人,20211015,L,机器人,strict_normalized_index_name,20260529
884218.TI,机器人,I,159770.SZ,天弘中证机器人ETF,H30590.CSI,中证机器人,20211108,L,机器人,strict_normalized_index_name,20260529
884218.TI,机器人,I,562500.SH,华夏中证机器人ETF,H30590.CSI,中证机器人,20211229,L,机器人,strict_normalized_index_name,20260529
884218.TI,机器人,I,159551.SZ,国泰中证机器人ETF,H30590.CSI,中证机器人,20231116,L,机器人,strict_normalized_index_name,20260529
884218.TI,机器人,I,159526.SZ,嘉实中证机器人ETF,H30590.CSI,中证机器人,20240424,L,机器人,strict_normalized_index_name,20260529
884218.TI,机器人,I,560630.SH,万家中证机器人ETF,H30590.CSI,中证机器人,20250401,L,机器人,strict_normalized_index_name,20260529
884218.TI,机器人,I,159213.SZ,汇添富中证机器人ETF,H30590.CSI,中证机器人,20250430,L,机器人,strict_normalized_index_name,20260529
884218.TI,机器人,I,159258.SZ,南方中证机器人ETF,H30590.CSI,中证机器人,20250801,L,机器人,strict_normalized_index_name,20260529
884218.TI,机器人,I,560770.SH,招商中证机器人ETF,H30590.CSI,中证机器人,20250901,L,机器人,strict_normalized_index_name,20260529
885362.TI,云计算,N,159890.SZ,招商中证云计算与大数据主题ETF,930851.CSI,中证云计算,20210402,L,云计算,strict_normalized_index_name,20260529
885362.TI,云计算,N,516510.SH,易方达中证云计算与大数据主题ETF,930851.CSI,中证云计算,20210407,L,云计算,strict_normalized_index_name,20260529
885362.TI,云计算,N,516630.SH,华夏中证云计算与大数据主题ETF,930851.CSI,中证云计算,20210903,L,云计算,strict_normalized_index_name,20260529
885362.TI,云计算,N,159739.SZ,鹏华中证云计算与大数据主题ETF,930851.CSI,中证云计算,20211117,L,云计算,strict_normalized_index_name,20260529
885362.TI,云计算,N,159527.SZ,广发中证云计算与大数据主题ETF,930851.CSI,中证云计算,20240201,L,云计算,strict_normalized_index_name,20260529
885497.TI,旅游概念,N,159766.SZ,富国中证旅游主题ETF,930633.CSI,中证旅游,20210723,L,旅游,strict_normalized_index_name,20260529
885497.TI,旅游概念,N,562510.SH,华夏中证旅游主题ETF,930633.CSI,中证旅游,20211230,L,旅游,strict_normalized_index_name,20260529
885517.TI,机器人概念,N,562360.SH,银华中证机器人ETF,H30590.CSI,中证机器人,20211015,L,机器人,strict_normalized_index_name,20260529
885517.TI,机器人概念,N,159770.SZ,天弘中证机器人ETF,H30590.CSI,中证机器人,20211108,L,机器人,strict_normalized_index_name,20260529
885517.TI,机器人概念,N,562500.SH,华夏中证机器人ETF,H30590.CSI,中证机器人,20211229,L,机器人,strict_normalized_index_name,20260529
885517.TI,机器人概念,N,159551.SZ,国泰中证机器人ETF,H30590.CSI,中证机器人,20231116,L,机器人,strict_normalized_index_name,20260529
885517.TI,机器人概念,N,159526.SZ,嘉实中证机器人ETF,H30590.CSI,中证机器人,20240424,L,机器人,strict_normalized_index_name,20260529
885517.TI,机器人概念,N,560630.SH,万家中证机器人ETF,H30590.CSI,中证机器人,20250401,L,机器人,strict_normalized_index_name,20260529
885517.TI,机器人概念,N,159213.SZ,汇添富中证机器人ETF,H30590.CSI,中证机器人,20250430,L,机器人,strict_normalized_index_name,20260529
885517.TI,机器人概念,N,159258.SZ,南方中证机器人ETF,H30590.CSI,中证机器人,20250801,L,机器人,strict_normalized_index_name,20260529
885517.TI,机器人概念,N,560770.SH,招商中证机器人ETF,H30590.CSI,中证机器人,20250901,L,机器人,strict_normalized_index_name,20260529
885539.TI,医疗器械概念,N,159883.SZ,永赢中证全指医疗器械ETF,H30217.CSI,中证医疗器械,20210430,L,医疗器械,strict_normalized_index_name,20260529
885539.TI,医疗器械概念,N,159898.SZ,招商中证全指医疗器械ETF,H30217.CSI,中证医疗器械,20210604,L,医疗器械,strict_normalized_index_name,20260529
885539.TI,医疗器械概念,N,159797.SZ,汇添富中证全指医疗器械ETF,H30217.CSI,中证医疗器械,20220516,L,医疗器械,strict_normalized_index_name,20260529
885539.TI,医疗器械概念,N,562600.SH,华夏中证全指医疗器械ETF,H30217.CSI,中证医疗器械,20231211,L,医疗器械,strict_normalized_index_name,20260529
885543.TI,家用电器,N,159996.SZ,国泰中证全指家用电器ETF,930697.CSI,中证家用电器,20200316,L,家用电器,strict_normalized_index_name,20260529
885543.TI,家用电器,N,561120.SH,富国中证全指家用电器ETF,930697.CSI,中证家用电器,20220215,L,家用电器,strict_normalized_index_name,20260529
885543.TI,家用电器,N,560880.SH,广发中证全指家用电器ETF,930697.CSI,中证家用电器,20220412,L,家用电器,strict_normalized_index_name,20260529
885543.TI,家用电器,N,159176.SZ,华宝中证全指家用电器ETF,930697.CSI,中证家用电器,20260403,L,家用电器,strict_normalized_index_name,20260529
885543.TI,家用电器,N,515640.SH,华夏中证全指家用电器ETF,930697.CSI,中证家用电器,20260424,L,家用电器,strict_normalized_index_name,20260529
885543.TI,家用电器,N,159182.SZ,南方中证全指家用电器ETF,930697.CSI,中证家用电器,20260508,L,家用电器,strict_normalized_index_name,20260529
885700.TI,军工,N,512660.SH,国泰中证军工ETF,399967.SZ,中证军工,20160808,L,军工,strict_normalized_index_name,20260529
885700.TI,军工,N,512810.SH,华宝中证军工ETF,399967.SZ,中证军工,20160822,L,军工,strict_normalized_index_name,20260529
885700.TI,军工,N,512680.SH,广发中证军工ETF,399967.SZ,中证军工,20161014,L,军工,strict_normalized_index_name,20260529
885700.TI,军工,N,512560.SH,易方达中证军工ETF,399967.SZ,中证军工,20170728,L,军工,strict_normalized_index_name,20260529
885728.TI,人工智能,N,515980.SH,华富中证人工智能产业ETF,931071.CSI,中证人工智能,20200210,L,人工智能,strict_normalized_index_name,20260529
885756.TI,芯片概念,N,159995.SZ,华夏国证半导体芯片ETF,980017.SZ,国证芯片,20200210,L,芯片,strict_normalized_index_name,20260529
885756.TI,芯片概念,N,159801.SZ,广发国证半导体芯片ETF,980017.SZ,国证芯片,20200218,L,芯片,strict_normalized_index_name,20260529
885756.TI,芯片概念,N,159813.SZ,鹏华国证半导体芯片ETF,980017.SZ,国证芯片,20200525,L,芯片,strict_normalized_index_name,20260529
885756.TI,芯片概念,N,159665.SZ,工银瑞信国证半导体芯片ETF,980017.SZ,国证芯片,20230106,L,芯片,strict_normalized_index_name,20260529
885800.TI,消费电子概念,N,561600.SH,平安中证消费电子主题ETF,931494.CSI,中证消费电子,20210909,L,消费电子,strict_normalized_index_name,20260529
885800.TI,消费电子概念,N,561310.SH,国泰中证消费电子主题ETF,931494.CSI,中证消费电子,20211125,L,消费电子,strict_normalized_index_name,20260529
885800.TI,消费电子概念,N,159779.SZ,招商中证消费电子主题ETF,931494.CSI,中证消费电子,20211126,L,消费电子,strict_normalized_index_name,20260529
885800.TI,消费电子概念,N,562950.SH,易方达中证消费电子主题ETF,931494.CSI,中证消费电子,20220120,L,消费电子,strict_normalized_index_name,20260529
885800.TI,消费电子概念,N,561100.SH,富国中证消费电子主题ETF,931494.CSI,中证消费电子,20220208,L,消费电子,strict_normalized_index_name,20260529
885800.TI,消费电子概念,N,159732.SZ,华夏国证消费电子主题ETF,980030.SZ,国证消费电子,20210823,L,消费电子,strict_normalized_index_name,20260529
885800.TI,消费电子概念,N,159153.SZ,鹏华国证消费电子主题ETF,980030.SZ,国证消费电子,20260209,L,消费电子,strict_normalized_index_name,20260529
885800.TI,消费电子概念,N,159178.SZ,汇添富国证消费电子主题ETF,980030.SZ,国证消费电子,20260428,L,消费电子,strict_normalized_index_name,20260529
885914.TI,煤炭概念,N,515220.SH,国泰中证煤炭ETF,399998.SZ,中证煤炭,20200302,L,煤炭,strict_normalized_index_name,20260529
885936.TI,绿色电力,N,159625.SZ,嘉实国证绿色电力ETF,399438.SZ,国证绿色电力,20220429,L,绿色电力,strict_normalized_index_name,20260529
885936.TI,绿色电力,N,159669.SZ,国泰国证绿色电力ETF,399438.SZ,国证绿色电力,20230111,L,绿色电力,strict_normalized_index_name,20260529
885936.TI,绿色电力,N,561170.SH,富国中证绿色电力ETF,931897.CSI,中证绿色电力,20230316,L,绿色电力,strict_normalized_index_name,20260529
885936.TI,绿色电力,N,562550.SH,华夏中证绿色电力ETF,931897.CSI,中证绿色电力,20230327,L,绿色电力,strict_normalized_index_name,20260529
885936.TI,绿色电力,N,562960.SH,易方达中证绿色电力ETF,931897.CSI,中证绿色电力,20230412,L,绿色电力,strict_normalized_index_name,20260529
885976.TI,数字经济,N,560800.SH,鹏扬中证数字经济主题ETF,931582.CSI,中证数字经济,20220107,L,数字经济,strict_normalized_index_name,20260529
885976.TI,数字经济,N,159658.SZ,华安中证数字经济主题ETF,931582.CSI,中证数字经济,20221012,L,数字经济,strict_normalized_index_name,20260529
885976.TI,数字经济,N,159311.SZ,易方达中证数字经济主题ETF,931582.CSI,中证数字经济,20250715,L,数字经济,strict_normalized_index_name,20260529
885995.TI,粮食概念,N,159698.SZ,鹏华国证粮食产业ETF,399365.SZ,国证粮食,20230818,L,粮食,strict_normalized_index_name,20260529
885995.TI,粮食概念,N,159587.SZ,广发国证粮食产业ETF,399365.SZ,国证粮食,20240821,L,粮食,strict_normalized_index_name,20260529
885995.TI,粮食概念,N,159030.SZ,华夏国证粮食产业ETF,399365.SZ,国证粮食,20260512,L,粮食,strict_normalized_index_name,20260529
885995.TI,粮食概念,N,159038.SZ,易方达国证粮食产业ETF,399365.SZ,国证粮食,20260521,L,粮食,strict_normalized_index_name,20260529
886013.TI,信创,N,562030.SH,华宝中证信息技术应用创新产业ETF,931247.CSI,中证信创,20231012,L,信创,strict_normalized_index_name,20260529
886013.TI,信创,N,560850.SH,汇添富中证信息技术应用创新产业ETF,931247.CSI,中证信创,20240415,L,信创,strict_normalized_index_name,20260529
886013.TI,信创,N,562570.SH,华夏中证信息技术应用创新产业ETF,931247.CSI,中证信创,20240430,L,信创,strict_normalized_index_name,20260529
886013.TI,信创,N,159538.SZ,富国国证信息技术创新主题ETF,CN5075.CNI,国证信创,20230922,L,信创,strict_normalized_index_name,20260529
886013.TI,信创,N,159539.SZ,广发国证信息技术创新主题ETF,CN5075.CNI,国证信创,20230928,L,信创,strict_normalized_index_name,20260529
886013.TI,信创,N,159540.SZ,易方达国证信息技术创新主题ETF,CN5075.CNI,国证信创,20230928,L,信创,strict_normalized_index_name,20260529
886013.TI,信创,N,159537.SZ,国泰国证信息技术创新主题ETF,CN5075.CNI,国证信创,20231010,L,信创,strict_normalized_index_name,20260529
886021.TI,国企改革,N,159528.SZ,富国中证国有企业改革ETF,399974.SZ,中证国企改革,20240520,L,国企改革,strict_normalized_index_name,20260529
