period,year,score_name,policy_name,cost_bps,days,total_ret,ann_ret,ann_vol,sharpe,max_drawdown,win_rate,avg_turnover
development,2018,score_frozen_selected_5d,simple_v1,20.0,242,-0.1272543048224013,-0.13214921838638471,0.08214920953718804,-1.683518935875182,-0.15535869939462466,0.5785123966942148,0.06159953917594514
development,2019,score_frozen_selected_5d,simple_v1,20.0,244,0.09844601661118535,0.10183287325040835,0.1355973938820428,0.783305143047429,-0.12852428308955555,0.5450819672131147,0.09922655892199653
development,2020,score_frozen_selected_5d,simple_v1,20.0,243,0.05572694017273827,0.05784950143696932,0.15922676213935025,0.43341392620766417,-0.09538516557458432,0.5720164609053497,0.09039343661932639
development,2021,score_frozen_selected_5d,simple_v1,20.0,243,0.21396588844547515,0.22271500600928995,0.1633179735783974,1.3133197478375003,-0.13172260643196487,0.5555555555555556,0.13628800210241213
development,2022,score_frozen_selected_5d,simple_v1,20.0,242,-0.078687716116988,-0.08180257430489268,0.07433495913088675,-1.1105627100246491,-0.1276778204853921,0.5785123966942148,0.053049697533903414
development,2023,score_frozen_selected_5d,simple_v1,20.0,242,0.002482110460463316,0.0025848094541063293,0.055031604942257784,0.0744403164080488,-0.055751700773395974,0.5,0.06049640093474585
selection,2024,score_frozen_selected_5d,simple_v1,20.0,242,0.2411368171893069,0.25226575447701394,0.1383682131085326,1.6950462502245058,-0.06482205850278333,0.5495867768595041,0.07353699312180939
selection,2025,score_frozen_selected_5d,simple_v1,20.0,243,0.09702412471552835,0.10079301814270081,0.15730933615343295,0.6893238044038646,-0.0872542053133546,0.5473251028806584,0.1348176279899166
observation,2026,score_frozen_selected_5d,simple_v1,20.0,159,0.006835911324707622,0.010855913797435779,0.11856819721665275,0.15055935241079663,-0.07506484114323697,0.5911949685534591,0.09743924975031962
