power,dead_zone,half_life,top_k,signal_mode,mean_rank_ic,rank_ic_ir,mean_long_short_5d,long_short_win_rate,early_2026_ic,late_2026_ic
1.0,0.03,10.0,20,tanh,0.04079816391396378,0.3059634111555489,-0.0024202794248498745,0.4111111111111111,0.07767688388776782,-0.0199432572193605
1.0,0.03,10.0,20,binary,0.04043810744887916,0.3162299434250907,-0.0016103121210066407,0.37777777777777777,0.07523566261660608,-0.016875512827376943
1.0,0.03,10.0,20,linear,0.03979309541817882,0.2958150224054791,-0.002893061971268371,0.4222222222222222,0.07728234448083626,-0.021953903037962866
1.0,0.01,5.0,20,tanh,0.03874920829405185,0.31620172340377584,-5.960544638827044e-05,0.43333333333333335,0.05548170221094696,0.011189806548577553
1.0,0.0,5.0,20,tanh,0.038556890000926825,0.3132620143743805,-9.120273999932462e-05,0.43333333333333335,0.05398484639228952,0.01314613829750591
1.5,0.03,10.0,20,tanh,0.03841151314129603,0.2865581006813126,-0.0028924252472378683,0.4111111111111111,0.07712142484329172,-0.025345988485520433
1.5,0.01,5.0,20,tanh,0.03824609197902358,0.31026102097376046,-0.00046232363748688565,0.4222222222222222,0.0560251493013977,0.008962938742172077
1.5,0.0,5.0,20,tanh,0.03816986506579343,0.3091956166336005,-0.0004456289637271613,0.4111111111111111,0.055367798514104505,0.009843857033281053
1.5,0.03,10.0,20,binary,0.03815690509628625,0.2970715399223051,-0.0015723418172690407,0.37777777777777777,0.07459583484654767,-0.02186015566885021
1.0,0.01,5.0,20,linear,0.03812320176052185,0.3067451242001074,-0.00046297031546353577,0.43333333333333335,0.054578677348162304,0.011020065498525793
1.0,0.0,5.0,20,linear,0.037905883389190466,0.3035291234632091,-0.0004974863900230254,0.43333333333333335,0.052950696238048336,0.013126191638130436
1.0,0.01,5.0,20,binary,0.037753501759128734,0.3231158500053975,6.317640626232645e-05,0.4222222222222222,0.05361800899998226,0.011623725127134684
1.5,0.01,5.0,20,linear,0.03765321816315919,0.3007751079669486,-0.0014257918714515776,0.4444444444444444,0.05500484046942574,0.009074075541073095
1.5,0.0,5.0,20,linear,0.03755356076454342,0.2994911212360003,-0.0013910743937110247,0.4444444444444444,0.05428865725060523,0.009989872434559254
1.0,0.0,5.0,20,binary,0.037513224844650035,0.3201736363716115,0.0006750243841605406,0.4444444444444444,0.052351018566942076,0.013074505772639607
1.5,0.03,10.0,20,linear,0.03738542358202382,0.2765653648528152,-0.003265763168182198,0.4222222222222222,0.0767373662058748,-0.0274295407396131
1.5,0.01,5.0,20,binary,0.03715339019192079,0.317643049553206,3.9633354568657026e-05,0.4111111111111111,0.05417406579468996,0.009119336257948056
1.5,0.03,5.0,20,tanh,0.03697015721675044,0.2969559690741267,-0.0006173923768621319,0.4222222222222222,0.059549673400869085,-0.0002196341453273625
1.5,0.0,5.0,20,binary,0.036941904790912757,0.31582877155662614,0.00019746916404746293,0.4222222222222222,0.05350081139128899,0.009668411566763686
1.0,0.0,10.0,20,tanh,0.036725598709091145,0.2737849709715157,-0.003620996845539728,0.4,0.07643924844084084,-0.028685118496143615
1.0,0.0,10.0,20,binary,0.03672470264732368,0.2861224106010242,-0.0031953157753844825,0.37777777777777777,0.0738221716397373,-0.024377010987239957
1.0,0.01,10.0,20,binary,0.03670947858435494,0.28624791165104985,-0.003128832245835183,0.37777777777777777,0.07378174245420799,-0.02435072073069716
1.0,0.03,5.0,20,tanh,0.03657445499348935,0.2918383425871651,-0.00032136617869900537,0.4222222222222222,0.060775501805700495,-0.003286092697211356
1.0,0.01,10.0,20,tanh,0.03650619543213491,0.272583516816615,-0.003626356766060862,0.4,0.0761172318041586,-0.028735511533551136
1.5,0.03,5.0,20,linear,0.03650568912395886,0.28904675249420575,-0.0014626112187681203,0.4111111111111111,0.0587113493393942,-6.833946616993985e-05
1.0,0.03,10.0,10,tanh,0.03618732165743789,0.2701392907169876,-0.0032336404597705804,0.4,0.07640265641497135,-0.030049700296146592
1.5,0.0,10.0,20,tanh,0.036084691176939236,0.26814740567309947,-0.0035071928070776882,0.4,0.07616902224547714,-0.029936559994770243
1.0,0.03,5.0,20,linear,0.03601855936250065,0.28348394431319557,-0.0007685216627540733,0.4222222222222222,0.06013503247857811,-0.0037026904757445707
1.5,0.03,5.0,20,binary,0.03600281487854481,0.3051669682904092,0.00010716394548098001,0.4111111111111111,0.05707598625550951,0.0012940620223676406
1.5,0.0,10.0,20,binary,0.03590717111294144,0.27912178362819967,-0.002473380227237389,0.36666666666666664,0.0733245007457572,-0.02572137181169629
1.5,0.01,10.0,20,tanh,0.03588360766297247,0.26683707097360354,-0.003460287238038994,0.4,0.07590029909219305,-0.03002623704397902
1.5,0.01,10.0,20,binary,0.03584388530402972,0.2787563019165765,-0.002808065721564228,0.36666666666666664,0.07327923965183046,-0.025814345386465612
1.0,0.0,10.0,20,linear,0.0356247159891506,0.2629502177088288,-0.003944388583330049,0.4222222222222222,0.07602259309496537,-0.030912963949838394
1.0,0.03,10.0,10,binary,0.03559273913735316,0.277158659374888,-0.0020771762553075065,0.37777777777777777,0.07368697988553143,-0.027150716212587512
1.0,0.01,10.0,20,linear,0.03532667059897599,0.26129890563180197,-0.004003204560521696,0.4111111111111111,0.07556605723154527,-0.030949966207608724
1.0,0.03,10.0,10,linear,0.03517340089072805,0.2606220532236012,-0.0036132924666625113,0.4111111111111111,0.0760316842002966,-0.03212259514856137
1.5,0.03,10.0,10,tanh,0.03498544090518869,0.2603317682903203,-0.0034455877371814313,0.4,0.07616041905037903,-0.03283217015747775
1.5,0.0,10.0,20,linear,0.03490765485579836,0.25698127655064146,-0.0037657720346283164,0.4222222222222222,0.07563936611243227,-0.03217986956689278
1.5,0.01,10.0,20,linear,0.03467931972380761,0.25551854344901587,-0.0038200703502529946,0.4111111111111111,0.07532325540207159,-0.032263633158038936
1.5,0.03,10.0,10,binary,0.03455676915750775,0.2683976646435412,-0.002080053803149371,0.37777777777777777,0.0734980301851363,-0.029581778417409853
1.0,0.03,5.0,20,binary,0.034353725682110904,0.2886629388685723,1.3976938931959686e-05,0.4,0.05706971324491022,-0.00306084206838208
1.5,0.03,10.0,10,linear,0.033970643815416715,0.25095920877335537,-0.0037030770599336153,0.4111111111111111,0.07577431116683389,-0.03488245535162335
1.0,0.0,10.0,10,tanh,0.033557335740629246,0.24875704398229023,-0.0033164088177496266,0.4,0.0746782560470527,-0.034171238881715235
1.0,0.01,10.0,10,tanh,0.033557335740629246,0.24875704398229023,-0.0033164088177496266,0.4,0.0746782560470527,-0.034171238881715235
1.0,0.0,10.0,10,binary,0.03354218609347271,0.2599989678938534,-0.002618660862566365,0.36666666666666664,0.07197183965019419,-0.02975371388230383
1.0,0.01,10.0,10,binary,0.03354218609347271,0.2599989678938534,-0.002618660862566365,0.36666666666666664,0.07197183965019419,-0.02975371388230383
1.5,0.0,10.0,10,tanh,0.033286328035356666,0.24655180440091864,-0.0035609015611125856,0.4,0.07451251574240748,-0.034615628188021164
1.5,0.01,10.0,10,tanh,0.033286328035356666,0.24655180440091864,-0.0035609015611125856,0.4,0.07451251574240748,-0.034615628188021164
1.5,0.03,5.0,10,tanh,0.03327195467062117,0.26542875105117714,-0.0017213329306935918,0.4111111111111111,0.05698880070749658,-0.005791085860703056
1.5,0.0,10.0,10,binary,0.03309213789840939,0.25600725995628565,-0.002532611341132947,0.36666666666666664,0.07183774677360508,-0.03072415907250116
1.5,0.01,10.0,10,binary,0.03309213789840939,0.25600725995628565,-0.002532611341132947,0.36666666666666664,0.07183774677360508,-0.03072415907250116
1.5,0.03,5.0,10,linear,0.032914101953639134,0.259027339766912,-0.0020374839293726015,0.4111111111111111,0.05614444525504309,-0.005347639954555622
1.0,0.0,10.0,10,linear,0.03233134485409266,0.2377396411740928,-0.003929899620821905,0.4111111111111111,0.07412071592841607,-0.03649820750361651
1.0,0.01,10.0,10,linear,0.03233134485409266,0.2377396411740928,-0.003929899620821905,0.4111111111111111,0.07412071592841607,-0.03649820750361651
1.5,0.03,5.0,10,binary,0.03210949321951546,0.270536700724931,-0.0005879065120602697,0.4111111111111111,0.05408934972970848,-0.004092623385508352
1.5,0.0,10.0,10,linear,0.03205713931746472,0.2355761081632786,-0.0038951741955295283,0.4111111111111111,0.07391508412107928,-0.036885358006135745
1.5,0.01,10.0,10,linear,0.03205713931746472,0.2355761081632786,-0.0038951741955295283,0.4111111111111111,0.07391508412107928,-0.036885358006135745
1.0,0.03,5.0,10,tanh,0.03192657093340724,0.25365186504234527,-0.001346752628160975,0.4111111111111111,0.05739809121773435,-0.010026521299602105
1.0,0.03,5.0,10,linear,0.03136737903526321,0.24587909631036778,-0.0022363801684443722,0.4111111111111111,0.05675301089499358,-0.010444249910175037
1.5,0.0,5.0,10,tanh,0.030439610477171142,0.24591502680310498,-0.0020314934296788924,0.4,0.050421596494345314,-0.0024718959040569105
1.5,0.01,5.0,10,tanh,0.030439610477171142,0.24591502680310498,-0.0020314934296788924,0.4,0.050421596494345314,-0.0024718959040569105
1.5,0.0,5.0,10,linear,0.030111631956027316,0.23979316149388577,-0.002259902784476649,0.43333333333333335,0.04947498280909411,-0.0017809459196121203
1.5,0.01,5.0,10,linear,0.030111631956027316,0.23979316149388577,-0.002259902784476649,0.43333333333333335,0.04947498280909411,-0.0017809459196121203
1.5,0.0,5.0,10,binary,0.029481081304137874,0.25116924098738813,-0.0009605593364276682,0.4111111111111111,0.04883521001241415,-0.0023963071565524527
1.5,0.01,5.0,10,binary,0.029481081304137874,0.25116924098738813,-0.0009605593364276682,0.4111111111111111,0.04883521001241415,-0.0023963071565524527
1.0,0.03,5.0,10,binary,0.029399674713164885,0.24592058785424345,-0.0007439370861271334,0.3888888888888889,0.053272845266159045,-0.00992084149176668
1.0,0.0,5.0,10,tanh,0.02778378652745341,0.22624155346991318,-0.0016446527871291645,0.4111111111111111,0.047742057702143216,-0.005088660113212151
1.0,0.01,5.0,10,tanh,0.02778378652745341,0.22624155346991318,-0.0016446527871291645,0.4111111111111111,0.047742057702143216,-0.005088660113212151
1.0,0.0,5.0,10,linear,0.02731408250089954,0.21947641883658867,-0.002332005253765804,0.43333333333333335,0.046946664480596874,-0.005021934877425471
1.0,0.01,5.0,10,linear,0.02731408250089954,0.21947641883658867,-0.002332005253765804,0.43333333333333335,0.046946664480596874,-0.005021934877425471
1.0,0.03,3.0,20,tanh,0.026964640602360267,0.19657930528559303,0.0030249790214193395,0.4444444444444444,0.017589863111490977,0.04240545058732145
1.0,0.03,3.0,20,linear,0.026566171794218663,0.1909244597495828,0.00280493091049951,0.43333333333333335,0.016959715616278955,0.04238857020494288
1.0,0.03,3.0,10,tanh,0.02640780195330209,0.19778871957009475,0.0023642350890601387,0.4111111111111111,0.020038775668409507,0.03689796289312517
1.5,0.03,3.0,20,tanh,0.026346842828534358,0.19282911004297676,0.002433654611088263,0.4444444444444444,0.017504349858756315,0.04091094889640405
1.0,0.0,5.0,10,binary,0.026095596521575972,0.22366001789400633,-0.0013674551794410998,0.4222222222222222,0.044547761946337236,-0.004296205354501409
1.0,0.01,5.0,10,binary,0.026095596521575972,0.22366001789400633,-0.0013674551794410998,0.4222222222222222,0.044547761946337236,-0.004296205354501409
1.0,0.03,3.0,10,linear,0.025972845846928758,0.19171726169570233,0.002124005267734877,0.43333333333333335,0.01932696778119431,0.036918997955197264
1.5,0.03,3.0,20,linear,0.025969479906180003,0.18729717607256177,0.0022187353490572778,0.43333333333333335,0.016828809920510356,0.04102470105904765
1.0,0.03,3.0,20,binary,0.02582206440911903,0.20062850121025302,0.0012567400466095876,0.4444444444444444,0.017318105011765138,0.03982858576946663
1.5,0.03,3.0,10,tanh,0.025479877362928897,0.19003635168485353,0.0021488728625430934,0.4111111111111111,0.01896665206230414,0.03620754256395792
1.5,0.03,3.0,20,binary,0.025321210333552634,0.19716463257294267,0.0005348665646586492,0.4222222222222222,0.016987195886684896,0.039047822363687715
1.0,0.03,3.0,10,binary,0.025004793221067804,0.19937295694453874,-0.0006356152376828894,0.37777777777777777,0.019463259985108183,0.03413202443323658
1.5,0.03,3.0,10,linear,0.0249571891485312,0.18354541991052936,0.0016308273330178048,0.4111111111111111,0.018140056713828918,0.03618540727627614
1.5,0.03,3.0,10,binary,0.02409058079550458,0.19067351713686068,-0.0004417591545255697,0.37777777777777777,0.01775921792314725,0.034518707879387246
1.5,0.0,3.0,10,tanh,0.022866044095631314,0.1746668868599355,0.0013338334139517865,0.4111111111111111,0.018937185104542453,0.029337105963307096
1.5,0.01,3.0,10,tanh,0.022866044095631314,0.1746668868599355,0.0013338334139517865,0.4111111111111111,0.018937185104542453,0.029337105963307096
1.0,0.0,3.0,10,tanh,0.022164756437002848,0.17213539620025725,0.0009707026006564809,0.4111111111111111,0.019991010398108126,0.025745044030476512
1.0,0.01,3.0,10,tanh,0.022164756437002848,0.17213539620025725,0.0009707026006564809,0.4111111111111111,0.019991010398108126,0.025745044030476512
1.5,0.0,3.0,10,linear,0.02212719081679811,0.16664676468921122,0.0006188258671767372,0.4111111111111111,0.018085905548156596,0.028783425376913533
1.5,0.01,3.0,10,linear,0.02212719081679811,0.16664676468921122,0.0006188258671767372,0.4111111111111111,0.018085905548156596,0.028783425376913533
1.5,0.0,3.0,10,binary,0.021893622567467533,0.17734369971484354,-0.0013416825867834832,0.37777777777777777,0.01777030122039216,0.028684975374415195
1.5,0.01,3.0,10,binary,0.021893622567467533,0.17734369971484354,-0.0013416825867834832,0.37777777777777777,0.01777030122039216,0.028684975374415195
1.0,0.0,3.0,10,binary,0.021565285986952634,0.1774326464104142,-0.0018550356681946716,0.37777777777777777,0.019453878601126073,0.02504289815184344
1.0,0.01,3.0,10,binary,0.021565285986952634,0.1774326464104142,-0.0018550356681946716,0.37777777777777777,0.019453878601126073,0.02504289815184344
1.0,0.0,3.0,10,linear,0.02144635217528114,0.1641283132217213,0.0006859087175734511,0.43333333333333335,0.019254354124284445,0.025056701906334522
1.0,0.01,3.0,10,linear,0.02144635217528114,0.1641283132217213,0.0006859087175734511,0.43333333333333335,0.019254354124284445,0.025056701906334522
1.5,0.0,3.0,20,binary,0.01972352099320526,0.1517995510571525,0.0005487469358017938,0.4444444444444444,0.010355436003040439,0.03515330803582967
1.5,0.0,3.0,20,tanh,0.019699577838691813,0.14127487098241598,0.0011220630930564722,0.4444444444444444,0.009533881853959258,0.03644307710766309
1.5,0.01,3.0,20,tanh,0.01959863658233162,0.1401633401477955,0.001052603135021576,0.43333333333333335,0.009675625550792172,0.035942419457808364
1.5,0.01,3.0,20,binary,0.01950952204311132,0.149824590027177,0.0004428937371505586,0.4444444444444444,0.010370671300980775,0.03456174679485574
1.5,0.0,3.0,20,linear,0.01885179110804431,0.13272460325939775,0.0007780485342031051,0.43333333333333335,0.008386832941829262,0.03608819279357497
1.5,0.01,3.0,20,linear,0.01872020673091176,0.13141932742651258,0.0006171941901483971,0.43333333333333335,0.008490749594987959,0.03556872436655097
1.0,0.0,3.0,20,binary,0.01798232307890251,0.13801067745114706,0.0006544511245215894,0.43333333333333335,0.008332477788473663,0.03387618591019708
1.0,0.0,3.0,20,tanh,0.01783531426508406,0.12853274171341716,0.0012122573130070205,0.45555555555555555,0.007418969713448474,0.034991646467777957
1.0,0.01,3.0,20,binary,0.017685650982727057,0.13495066600720354,0.0006337019532221035,0.4444444444444444,0.008582956553525417,0.03267832416023564
1.0,0.01,3.0,20,tanh,0.017543235080651975,0.125572385877545,0.0008284026565940777,0.4444444444444444,0.007868958600480562,0.03347733751858136
1.0,0.0,3.0,20,linear,0.016905756925136694,0.11961168967178674,0.000793572413187543,0.4666666666666667,0.0063019029121876334,0.034370928240582216
1.0,0.01,3.0,20,linear,0.016630105425424924,0.11681952493872892,0.00047609716026371504,0.4666666666666667,0.006794260804449254,0.0328303200952672
1.5,0.03,2.0,20,binary,0.010962365314597183,0.07934094371333004,-0.0005580184036890339,0.45555555555555555,-0.0078012310855670374,0.04186711232663236
1.5,0.0,2.0,20,binary,0.010321821667616853,0.0749137020268453,-0.0009814568491576903,0.45555555555555555,-0.0059525668975505125,0.037126696951421914
1.5,0.03,2.0,20,tanh,0.010221407400053067,0.070134175159919,-0.0012908692380588184,0.4111111111111111,-0.008950147059298311,0.0417980853331024
1.5,0.01,2.0,20,binary,0.01005687758221164,0.07296087403499893,-0.0010641087178982116,0.45555555555555555,-0.00607475424007287,0.036626624113033183
1.5,0.0,2.0,20,tanh,0.009530580244534884,0.0653717752259122,-0.0014021220996033466,0.43333333333333335,-0.006981584064537934,0.0367270861653607
1.5,0.01,2.0,20,tanh,0.009261890368379194,0.06350517790330105,-0.00149434534372714,0.43333333333333335,-0.007111644785521042,0.03623006591597958
1.5,0.03,2.0,20,linear,0.008959814280230283,0.060763219875221895,-0.0012022514114712897,0.4444444444444444,-0.00948396161117042,0.039337798101360844
1.0,0.03,2.0,20,binary,0.008928005903350831,0.06543848802296297,-0.0009260317264634712,0.45555555555555555,-0.010475799882625475,0.04088721543319415
1.5,0.0,2.0,20,linear,0.008425610233755003,0.05696500485023486,-0.001342918047570985,0.43333333333333335,-0.007431695304074999,0.03454352523723972
1.5,0.01,2.0,20,linear,0.008167604988582659,0.05519502363330003,-0.0014363696502092166,0.43333333333333335,-0.007570546005179575,0.03408926544889693
1.0,0.0,2.0,20,binary,0.007989911501219832,0.058585936888929775,-0.001527543887529068,0.4666666666666667,-0.006968134976244885,0.032626693934691135
1.0,0.03,2.0,20,tanh,0.007687275019545571,0.053582301102100105,-0.0012432824773239797,0.4222222222222222,-0.011864085999898756,0.039889516698630334
1.0,0.01,2.0,20,binary,0.007338748319700386,0.0537106317728742,-0.0016863107699226672,0.45555555555555555,-0.00742741381954807,0.03165948596081549
1.5,0.03,2.0,10,binary,0.007277098958589678,0.052438359127400865,-0.0037669306720110336,0.3888888888888889,-0.0121147876040008,0.03921667682638576
1.0,0.0,2.0,20,tanh,0.007233725287942846,0.050287427256047394,-0.001645263846678578,0.4444444444444444,-0.00788230513561052,0.03213071657379546
1.5,0.03,2.0,10,tanh,0.007045319598297812,0.04780674104809658,-0.0019468473097934227,0.4,-0.012354938593618655,0.03899868603204258
1.5,0.0,2.0,10,binary,0.007012601795436613,0.05062271960200009,-0.003744714116641156,0.3888888888888889,-0.012049369659684606,0.0384087900744598
1.5,0.01,2.0,10,binary,0.007012601795436613,0.05062271960200009,-0.003744714116641156,0.3888888888888889,-0.012049369659684606,0.0384087900744598
1.0,0.01,2.0,20,tanh,0.006596164956888064,0.045762379669869284,-0.0018493345627974601,0.4444444444444444,-0.0083282012656844,0.031177474029360358
1.5,0.0,2.0,10,tanh,0.006563766770697726,0.04464746068159471,-0.0019337017082557916,0.4,-0.012386523333710316,0.037776009295605095
1.5,0.01,2.0,10,tanh,0.006563766770697726,0.04464746068159471,-0.0019337017082557916,0.4,-0.012386523333710316,0.037776009295605095
1.0,0.03,2.0,20,linear,0.006509792730695763,0.04487859766716091,-0.0012554724587181714,0.4444444444444444,-0.012231595425161586,0.0373779614579902
1.0,0.0,2.0,20,linear,0.00626634882035726,0.04292853487633874,-0.00151389890395466,0.4777777777777778,-0.008210257252693646,0.030110170587735213
1.5,0.03,2.0,10,linear,0.0059887095599190365,0.04010023919380108,-0.002153474326917465,0.4222222222222222,-0.012713067056156348,0.03679163575110203
1.0,0.01,2.0,20,linear,0.005660702980407157,0.038698484321062404,-0.0016455644099684576,0.4777777777777778,-0.008657632910728108,0.029243844448159365
1.5,0.0,2.0,10,linear,0.005528993886593459,0.03710296592623113,-0.0022872979292485863,0.4222222222222222,-0.012754522590865017,0.03564302102593685
1.5,0.01,2.0,10,linear,0.005528993886593459,0.03710296592623113,-0.0022872979292485863,0.4222222222222222,-0.012754522590865017,0.03564302102593685
1.0,0.03,2.0,10,binary,0.005256398043147544,0.03830654260694462,-0.004447231621754756,0.37777777777777777,-0.014695408678181107,0.03811819734886531
1.0,0.0,2.0,10,binary,0.004765795124093922,0.03479380261644159,-0.004378696639667429,0.37777777777777777,-0.014792690829652727,0.036979771989088396
1.0,0.01,2.0,10,binary,0.004765795124093922,0.03479380261644159,-0.004378696639667429,0.37777777777777777,-0.014792690829652727,0.036979771989088396
1.0,0.03,2.0,10,tanh,0.004525692731328204,0.031196334005799214,-0.0018798461151913783,0.4111111111111111,-0.015253951555029217,0.037103930379446315
1.0,0.0,2.0,10,tanh,0.004073701504511467,0.02813447948959948,-0.0018426916132803358,0.4111111111111111,-0.015305314500303301,0.03599208080655932
1.0,0.01,2.0,10,tanh,0.004073701504511467,0.02813447948959948,-0.0018426916132803358,0.4111111111111111,-0.015305314500303301,0.03599208080655932
1.0,0.03,2.0,10,linear,0.00341540546988339,0.023269696800407757,-0.0019224081955872988,0.4444444444444444,-0.015690706309359627,0.034884295459224834
1.0,0.0,2.0,10,linear,0.0029949255255317946,0.020438572863555684,-0.0018898727096356989,0.4444444444444444,-0.01575611285214797,0.03387898873582788
1.0,0.01,2.0,10,linear,0.0029949255255317946,0.020438572863555684,-0.0018898727096356989,0.4444444444444444,-0.01575611285214797,0.03387898873582788
